b1,b2,b3,b4,b5,b6,b7,b8,b9,b10,b11,b12,b13,b14,b15,b16,b17,b18,b19,b20,b21,b22,b23,b24,b25,b26,b27,b28,b29,b30,b31,b32,b33,b34,b35,b36,b37,b38,b39,b40,b41,b42,b43,b44,b45,b46,b47,b48,b49,b50,b51,b52,b53,b54,b55,b56,b57,b58,b59,b60,b61,b62,b63,b64,b65,b66,b67,b68,b69,b70,b71,b72,b73,b74,b75,b76,b77,b78,b79,b80,b81,b82,b83,b84,b85,b86,b87,b88,b89,b90,b91,b92,b93,b94,b95,b96,b97,b98,b99,b100,b101,b102,b103,b104,b105,b106,b107,b108,b109,b110,b111,b112,b113,b114,b115,b116,b117
0.616295628897524,0.0343494553319638,0.107232737295658,0.250719389536803,0.555866945448558,0.0192434177278548,7.77350955080663e-06,0.000160738876466147,0.00196465055047175,0.509612470677042,0.341435684524828,0.211020453862591,0.360518290779768,0.197637396835087,0.526221322626386,8.96060404983825e-06,0.231478517342698,9.65286646759823e-05,0.421135619971114,0.00305666430374918,0.491399989319905,0.422525907428487,2.75029101516414e-11,0.195133626634968,0.147968900964013,0.118979307624576,0.26329170230072,0.0327216556632586,0.00289765729975026,0.682885215658254,0.475807245810236,0.184182802037616,0.0135973684127392,0.0680430584445858,1.47960216584553e-19,0.047709160166504,0.185536724126246,0.343191723324688,0.0692333663308143,0.473514685792973,0.14366726702935,0.62237401400579,0.0681789173516865,0.0415286810786032,0.0114452843046088,0.0227507301659174,0.251169384481873,0.00832091230065392,0.246897672810142,0.604875467723325,0.13682447944423,0.688681676396306,0.142471940895127,0.176034376561988,0.239250752516037,0.369874553035848,0.0963411529516235,0.0037651220839829,0.164510309638144,0.0399642048533226,0.78037850304333,0.0239442674565304,0.134925075311617,0.208916208892348,7.36371312188817e-47,0.122862802347513,0.540889858652008,0.0655820975075677,0.103150379920676,0.0727745965996332,0.324530775499268,0.212617319896228,0.0424846535530821,0.222876406835652,0.591630558249094,0.468090212203161,0.257726187953941,0.090660606974727,0.112644709922982,0.16693763371724,0.143625304695128,0.0521766009187128,0.138669611078251,0.000610036058130553,5.45267171800279e-28,0.369734695448463,0.633683227099152,0.651929086148868,0.00412009513417086,0.0291495376799169,0.309621598659359,0.339722427511556,0.261478500176584,0.18724307747398,0.622726845900742,6.54169573457177e-57,0.242359940314576,0.310941262567948,0.342529449083159,0.48984850165574,0.0323241232425981,9.33600095686249e-05,0.120201599435763,0.322221864871358,0.32862413977895,0.451269746217122,2.99575392432369e-05,0.599442696503102,5.75946830974362e-49,0.00995183947224015,0.135281147705898,0.449855648266385,0.338468315072588,0.268463846946788,0.26204382785551,0.0243032477869058,8.16874424278917e-05
0.269170440152372,0.190563924770378,0.811250737415613,0.64596183425476,0.393068716863651,0.0920397236305355,0.902839105678646,0.910099793052166,0.0845848652216108,0.529076435497184,0.588532989171197,0.51083174390607,0.603700647441632,0.586387932778573,0.472771707899019,0.0714205948246516,0.822991231774784,0.898916338789074,0.707572655383445,0.0914482151896753,0.0135979828802302,0.354130912507424,0.941293286680103,0.490471475929854,0.700029414035439,0.883697657404748,0.401322889543269,0.000811035572878169,0.954990680763328,0.247979934765882,0.25122015181957,0.701847630706246,0.883378027086183,0.859952823315681,0.0703026603372089,0.0132410321445526,0.959348225922768,0.502609933331232,0.927230567426922,0.607984422464742,0.542959738332268,0.477149924410022,0.913335568114189,0.081223239768873,0.710300302421313,0.500651718871401,0.350301870718158,0.947599817180341,0.488330193042791,0.384300978938291,0.0710645932137651,0.530582980400932,0.864759920981271,0.27402749858408,0.464347013259253,0.630151873297367,0.892810329984566,0.301843909265022,0.660510363287208,0.948573487745001,0.351033798263053,0.000131867542247892,0.564487195090159,0.524814284180496,0.05891217793945,0.972115822158499,0.0111702175308999,0.268927576638136,0.334893962383856,0.742805558281466,0.0357754850211344,0.550175269924637,0.331843628860414,0.933178507701756,0.704151899468339,0.830574929184546,0.491210352064923,0.95154957744711,0.579134153975489,0.833862166805939,0.684825737184427,0.232462269098021,0.876982173967756,0.499823334575347,0.00450383689968725,0.58695645865676,0.00234761628288589,0.325293623836164,0.897803787296535,0.330494258195754,0.319128268880368,0.091598320449286,0.404251242554606,0.910010539948607,0.367299968794064,0.131889012125163,0.526986548748467,0.886375958723606,0.417551820303681,0.546431520409564,0.837830856129982,0.245008686506948,0.829245299854441,0.545366270193836,0.410486899680933,0.128450836591352,0.842726450529227,0.142266723408253,0.00329823012112951,0.485416358115658,0.632603499394552,0.68737898187865,0.809235343059799,0.885528380374006,0.271023918787655,0.312292866437798,0.934173503781838
0.146243725144312,0.0245520491043642,0.103954753935157,0.120708975988356,0.148605251724111,0.0122405115479263,0.0839265405092456,0.0882831293552867,0.00875564715009964,0.151001476851753,0.136994314734552,0.0803437263730015,0.140240371867037,0.0870669385526835,0.153164442989801,0.00690496380600509,0.117569540823389,0.0932889183837393,0.144763248496863,0.00394306519843959,0.0639126871816273,0.178234372794141,0.114738534007194,0.118095610265289,0.0323534558881249,0.0129938322329257,0.117270027850598,0.00489206090274373,0.0510527461372229,0.194330576393733,0.232749659397798,0.0977125469741427,0.145259728279648,0.153251070781937,0.00141115601302992,0.0274478744510856,0.106642235023847,0.134290686153966,0.0809383017241427,0.0691406528112903,0.083826968801127,0.238107525512921,0.129678153156029,0.0231123555048518,0.106123809502679,0.064714550642067,0.0397979086396824,0.110214980449651,0.0400234171619065,0.0572440234886053,2.28088042296156e-06,0.271273449610066,0.094031484669631,0.0196126330867763,4.85743210025468e-15,0.112050791768198,0.165317384178825,0.0468299510107284,0.129302965769387,0.107229749150914,0.254039125673727,0.0137692082917582,0.0381605542333253,0.233695910300999,0.0183008970679835,0.0613810082940104,0.0367507320923491,0.376024910790792,0.0934222446221604,0.0128059378941815,0.117792480948144,0.0303366661546325,0.0499415166295775,0.095586772434047,0.160166041073088,0.0527805859749074,0.0759771496018838,0.111168041365118,0.0646652660405705,0.0220900172745756,0.0739254818434248,0.0429028838479522,0.229056273321442,0.0551792001903695,2.09992587380508e-05,0.196240440850933,1.13112175416547e-06,0.320102731162587,0.0685679779763698,0.0779920068847274,1.13081414122717e-12,1.18883937470275e-09,0.0182001558095269,0.119965995818966,0.299859905810538,0.0286880379715912,0.11612814987678,0.120548093957088,0.241130279901591,0.0691110958379992,0.0674080657676137,0.0619183476958262,0.143216512029974,0.20336220693438,0.0338711514228893,5.26901119512764e-07,0.104793423866247,0.368807925455381,0.0158232590591199,0.15397294482964,0.0743754619374174,0.0899206363147474,0.0522656776336545,0.120566970154922,0.0575860502621586,0.0124531270568781,0.0922351927554798
0.204251849158099,1.35380776082213e-28,0.105956535900746,0.179639026509174,0.174942633160393,1.30193507920916e-32,0.0456324096498931,0.0568004381764774,4.58966220660948e-29,0.177315171456152,0.23938274366753,0.0129436661101704,0.238442474922541,0.0293785234097698,0.184236536394285,4.44417767737916e-46,0.1114599629183,0.0618365890750892,0.226741679253931,0.00950030959122048,0.458804353214188,0.148228198179854,0.0179697115886971,1.30386110666943e-10,0.0462597345313834,0.090316681426778,0.047807382139139,9.78532847494597e-46,0.0503853848375542,0.270669836429512,0.159059312602479,0.218285457364014,0.0174782610144147,0.0430104614407153,1.63170827971913e-62,0.0479992009587222,1.60591768188886e-15,0.143420394590103,0.0778117345548912,0.260230664403971,0.260807770625097,0.201067963737972,0.0021355206506883,0.0142281131919887,0.112454576755376,0.0910179014516696,0.212171744505979,0.0266507309866957,0.0445493398142666,0.430500466707292,0.000694104661473816,0.130387219491545,0.00881897666597283,0.153679065737637,0.145861709309543,0.340915974680109,1.81872728394917e-10,9.98705816823834e-05,0.187232667929046,0.0307986919480555,0.218311373561808,4.93277631950311e-57,0.00875735711027078,0.314099944135058,2.08624967996447e-70,0.0543633160448812,0.399089053893023,0.167963783928504,2.61520535485176e-14,4.80005469951708e-08,0.15253584650829,0.26187740880785,0.0229489656015567,0.0704282555912726,0.0777851242334682,0.195501399790867,0.188161143578515,0.0123349977735564,0.171466543868338,0.127270929919264,0.0100052832899226,0.0214239638719504,2.93567890050338e-05,0.0584432142673628,4.64968366483264e-79,0.383978280178809,0.224411486293138,0.113016606273629,3.77967608425932e-10,0.035610076486154,0.147660882601602,0.238180759387143,0.0166947708348843,0.151126004429012,0.286148323350292,4.03245351400202e-78,0.363988259588308,0.172139250294128,0.0244688227110626,0.0522418152626164,0.00041658520238238,8.42582827502232e-08,0.0661952044252888,0.285364093369409,0.00498206229695528,0.266480668670352,0.00149261689532114,0.152496609089615,1.76195026758881e-85,0.0194823002958121,0.264478035731898,0.152774402849972,0.300212200165846,0.132222944720081,0.0756436853563823,0.00296043446318442,0.00796845552266107
0.00280289400054222,0.0963179413433783,0.520015091630059,0.661210405507528,1.3412096454886e-08,0.0902650157448494,0.359785425442932,0.331623137681315,0.0670612552073869,0.12397156068298,0.640423443563221,0.808508138033352,0.593854544545669,0.762114481513225,0.165355420057476,0.0896412989685462,0.256332076719283,0.34806506101907,0.00421552502895803,0.0509644004648536,0.671726257668869,0.178589406862675,0.1899517095602,0.827515866881334,0.6597560483176,0.00495012504586902,0.848339061323844,0.0507631718185191,0.229786255875804,0.342724560853532,0.334016683465246,0.603278137679905,0.276497337863958,0.279486231855224,0.0527117231343773,0.97362268254272,0.0692004797453967,0.177618984268951,0.303926201648081,0.223271015445327,0.741119987415803,0.409312260096211,0.153334817100257,0.131892006050367,0.634555155019602,0.839379675300283,0.296148577546717,0.217190946654065,0.802866453153198,0.382257354448993,5.38527933759166e-09,0.00843961173006624,0.453478738809713,0.299055998724472,5.01018861378593e-05,0.533835499252042,0.0277548577253304,0.927365912325567,0.626251673525774,0.101726858242672,0.0154540039169925,0.114812960016198,0.769006379033269,0.55477923467426,0.10080854679364,0.134439758097274,0.159350200904017,0.579554650992558,0.897870292565159,0.014834979872351,0.183199269616873,0.73581375510474,0.920492027131027,0.14766456877594,0.117790693319371,0.158560722876031,0.249268275668482,0.217814134183078,0.734371591848228,0.274037850698371,0.674706938604184,0.955657959847348,0.093144512011596,0.040824262741274,0.124128678747929,0.479787394528894,0.0767788559032339,0.300499181314153,0.385391326594716,0.910922820307619,0.18136788030739,0.0030190877933767,0.837648198156573,0.255562919538671,0.231574606187559,0.106421230974914,0.648816236166165,0.0261808205181559,0.0764830588379957,0.616328458258247,0.509520459407123,0.0294926408266682,0.272808256547137,0.608921613074861,0.804506106943218,0.0682093341863808,0.400011829153657,0.0424492370511341,0.0475457406491534,0.0243569345173471,0.646299908471157,0.525008128678542,0.0835956161840815,0.000219841866010857,0.204251343565215,0.929557272297892,0.302837659403694
0.0691453545256149,0.00433382877661948,0.0663435707360625,0.0429292835487091,0.0827494445860674,1.54302334125141e-52,0.0822115230685194,0.0831340167277261,1.7024392219467e-50,0.0845325514180204,0.0394543722640903,0.0404355734173835,0.0466435397609834,0.0466848738980972,0.0825341510722861,8.48723610980697e-68,0.0844202844769727,0.083555360606739,0.0794618517687586,3.67316627495375e-49,1.97381441396242e-06,0.0809252402685612,0.0861006657371676,0.0315241937122631,0.0607896757401499,0.100028484709157,0.0381223325311477,1.71039082490282e-112,0.0674345327228707,0.0302553688225201,0.0691623580327853,0.05989418565052,0.0899919470377925,0.0860012023458093,1.55233416280036e-87,1.2114779588981e-06,0.102028772581813,0.0980186694536469,0.0547660491661915,0.0592051462615547,0.0609132357419737,0.0356516063621302,0.100421754319607,8.40657474469613e-164,0.076090493025218,0.0181200962279135,0.0413228967988193,0.0778407436288816,0.0457198406344968,0.0214862182430959,0.0389304407592641,0.0910877511411473,0.0693512897280337,0.0433483195579981,0.0221036399701082,0.0804316606782714,0.11157979111,9.07660905379359e-06,0.0461130897016038,0.0723057744958919,0.0681044859178394,1.84578024083556e-150,0.0675572750352955,0.0426259117338668,9.32581265651254e-158,0.061043148231855,0.00399077365322043,0.0654173433946238,0.0499880542736722,0.114620492521158,0.038058161393748,0.0538931856005618,0.00976673129208826,0.0827434938093656,0.0795395680130209,0.0430350744517543,0.0591347985967765,0.078274860685743,0.0325795688291146,0.0537469889384958,0.0727896504994888,0.0122003136481001,0.134872312626147,0.063341730119652,2.52750040990508e-176,0.0719007495784734,0.00106148631023254,0.0717891301576981,0.112360111008778,0.0419237485764978,0.00611508416558459,0.0690556219738769,7.41092119174916e-05,0.0862964978575646,0.0593088547629653,2.11465065522719e-83,0.0789835757903404,0.0389701664185445,0.245858542025022,0.0295162631196463,0.00599738697387584,0.000199416038489549,0.0562904897983456,0.0389438040075907,0.0206383829913935,0.0178523183571347,0.0546759704363571,0.179077165249345,1.46538356558856e-176,0.108988452079352,0.0813929216800605,3.31661393217317e-05,0.108870777208082,0.0991764926941103,1.02006752913922e-19,0.0281151089533214,0.0753542182189468
0.28569915028873,0.234367226571654,0.0470967348619886,0.0493884996311273,0.286535476847733,0.222920406476789,0.051785611872788,0.0583703479928331,0.221719779915725,0.252967832197332,0.0764688658874789,0.0149129321535956,0.115828210232411,0.0270831393910062,0.233689908101297,0.211248860547391,0.189952377274829,1.93024893899129e-16,0.235240514133307,0.221244065779509,0.0634952817643329,0.224199977715376,0.0820696490345088,0.0211726986141591,0.0141488588119384,0.144623104497423,0.0440393547517053,0.211612632657831,3.55809778478551e-17,0.204059357697799,0.204200322469782,0.0648532739961724,0.1551338127321,0.172851750862846,0.207008491365733,0.0167690785237801,0.0537492436364077,0.220732106464243,1.71398048095804e-29,0.191110343389506,0.0598804487232265,0.142596591448477,0.160614059689526,0.198218722508991,0.067713444693426,0.0881280676841875,0.215809570344884,4.52546097324888e-14,2.72650043430103e-05,0.138891509012429,0.229025572431332,0.135742982800661,9.45900881582266e-31,0.193091639719726,0.249294149983735,0.0710016493019243,0.210564120428967,0.0778796812906822,0.09983873560866,0.0496011975204149,0.145929646548408,0.195231973473773,0.0301110582143674,0.185490315154289,0.209068888900925,5.43652672139329e-15,0.210106263823672,0.154618637016283,3.02502989454231e-06,0.242686244447935,0.177182280086985,0.03415546628569,0.0413073566022308,0.107214123376455,0.133091468152525,0.000529909543865763,0.152721705068319,3.87705373861891e-21,0.0874090211671598,0.210793834799598,6.68771695909557e-07,0.0919058070485222,0.18402339519071,0.149080368809168,0.205065442271286,0.0787037538150559,0.294587638091053,0.151137633863761,0.0293091978524073,0.089961093037407,0.165225509751182,0.258163203756165,0.0232561257772823,0.000399789975529954,0.189884740873826,0.209180810337741,0.126877811997687,0.164234627102282,0.217971538184972,0.0428173861227964,0.0201177447810934,0.385681972102724,0.149711730154467,0.114812172969776,0.000341329488274297,0.296818481891259,0.198368783436365,0.159958865061619,0.199191323725342,0.142408115880646,0.109291461310175,0.0270823410961006,0.0614918328577872,0.156054144103812,0.235316747793225,0.056120870469248,4.44764109451366e-12
0.111264375807711,0.0646275553759125,0.0740178326453324,0.0788258385028139,0.113126997843228,0.0557292316868782,0.0686538904440905,0.0672396992547425,0.052306847423119,0.113278196274929,0.0810612453339067,0.0983947597711963,0.103108148107895,0.0915282235025732,0.0933786875905385,0.0469426549606336,0.127214197387419,0.0246917828940745,0.140116549747082,0.0588341052709814,0.0987836924057464,0.0227524010074575,0.0587683790699093,0.0351354007891341,0.102123395256758,0.0825482862132938,0.0853382423613963,0.0456646382493554,0.0526014602215528,0.140465974006761,0.0358187370831444,0.0647387591672036,0.0909361990708003,0.110743398803599,0.041177155098091,0.123413505138708,0.000371291618036696,0.0585998941140801,0.0518035291872466,0.163058660986893,0.0651400775433679,0.0655305557451224,0.0863660684702966,0.0461648633101861,0.0483798341933771,0.0344912594793022,3.45091125936834e-06,0.0407098750226023,0.124490496393638,0.152746411658602,0.0995992766067402,0.109035026144834,0.000626244431499545,1.87424941330896e-17,0.111596001501858,0.10016030376208,0.103434100483932,0.0387219443631156,0.092700234156591,0.0526291533731325,0.0945624954963332,0.0394121286063673,0.152574474102794,0.191256834133871,0.0535640358440728,0.0227381407826196,0.236109373701827,0.305240503362399,0.144019781813001,0.0249511724586626,3.16706978233205e-20,0.000886223151668808,0.0168866946749541,0.0563852642096459,6.21951048956372e-07,9.2160321414583e-07,2.66854246648303e-05,0.0445991956612858,0.0735656414884379,0.0679083256960776,0.111532068134488,0.000882971501351817,0.133633565273601,0.0769316684619623,0.0381201219322715,0.171855818928026,0.1601714366134,0.0509035575534903,0.0718558450497839,0.0198475742856863,1.70405459983526e-29,0.14512398872265,0.131771904915826,0.0616972436969013,0.130449376102571,0.0456263889808108,0.122522558730396,0.0932739444984645,0.0664063450515318,5.89995898393074e-29,0.0527517330488094,0.0750097333928781,0.0877309202146227,0.175609642688179,0.124521557175417,0.168389306631473,0.103347262674501,0.059424398655035,0.0416806694229689,0.0945321422999864,0.0788217072961864,0.0126011356087172,0.0376848411784535,0.0904912732872064,1.9578731387535e-22,0.00117944551923867,0.0577771423544445
0.209024542499685,0.446067571664677,1.61094882772111e-09,0.022877198937115,0.189473768835929,0.455569585547344,0.000214912375751824,0.00189174348828108,0.455919441549867,0.167171713604329,0.0379554034074951,0.0148170938457667,0.0479938638512407,0.0113222125212208,0.156282423833885,0.453905254805855,0.101043610657116,3.40110867182895e-10,0.148332355455742,0.458029725286812,0.0881507753103784,0.080648532882956,2.72452496564227e-17,2.01209737552939e-16,0.0578651568706693,0.136812137316188,0.00742595668482537,0.462818151761503,0.024672336076728,0.167479598749193,0.0242476736595405,0.019124496396475,5.47541855734155e-13,9.68740647919095e-11,0.456756151603982,0.0376973249980812,2.78699778950198e-08,0.113914984294264,0.0102047528012891,0.267555614182137,0.0309525867085017,5.11351641277245e-05,2.96191298755057e-16,0.401825073197088,7.90209050912131e-07,0.000224446890576521,0.0731316720716409,0.00258130291486693,0.0139197067394231,0.169553790608952,0.642256011512679,3.07256207398115e-06,0.0117296717854925,0.175810817674617,0.528133383224755,0.000593036003593198,7.71258736731547e-12,0.0668104120623285,0.0171603147456092,1.2102175481051e-06,0.000212226982989518,0.422217436426707,0.00426726482160789,1.84582292874447e-42,0.434931578992168,0.00623139251841404,0.44132516491162,3.95858854365078e-06,1.51384038978769e-25,0.218118825546963,0.0269374049639987,0.0380977518261874,0.0618949422332825,8.02410297937972e-16,2.1356160908184e-14,9.47924004228997e-08,0.0437812054699135,7.44340915563937e-12,5.49190144514622e-06,1.74003740713387e-09,1.19165403801269e-11,0.0608852352185727,1.04210040927719e-16,0.510996024840187,0.417566424413897,0.00793713438073972,0.420715246867574,5.99492550470231e-25,3.76221836147413e-08,0.0757455388819685,0.133353186804782,0.589270747450632,0.0281217235524443,2.58616616015207e-10,4.10941721998505e-14,0.416189048706831,0.0238133620970459,9.54169078883688e-20,0.106007916717924,0.0615277083084235,0.008978708346597,0.290403070765596,0.00420656843306151,2.03106606963029e-08,3.61406611023723e-09,0.516762829992996,4.75063426650845e-18,6.55951592329009e-24,0.426203378515608,0.404104591933944,0.00117237024417725,1.61114165234197e-11,0.0933588761443078,6.84950283604482e-23,0.0291550093070512,0.0818404623976568,3.36927083455475e-08
0.151268943613581,0.118078182208847,0.0225778143977183,0.00787586944064006,0.158102575570848,0.110174669049338,0.0381810941906074,0.033947473219246,0.107901106328836,0.139262886510224,0.0057000117162114,0.0696158446121843,0.0168919233176466,0.0518577482723111,0.154523367995233,0.105838395267169,0.0655187055375693,0.0487951970330756,0.0259387071838421,0.0989567521464449,6.89115850292047e-08,0.199563596591556,0.0283538533597704,0.0652294014473068,0.0838105254316979,0.0885880391833779,0.0778367961003793,0.103545327460875,0.00265396562932419,0.0438846668105085,0.182794655907142,0.0211133267580699,0.061615581070841,0.0614487391880986,0.10148686763466,0.0608940971360695,0.0550350911393189,0.195337065931724,3.011329021485e-14,0.0415956413622802,0.0318858874740052,0.0399502227333724,0.0639055713600655,0.0890534101985529,0.0584685240582811,0.0151112900068288,0.170649420030033,0.0171767152363647,0.104333242201292,2.29893120929762e-05,0.171340588252142,0.0730398255690877,0.0407231779837879,0.204751042187082,0.101186493224946,1.59726814178737e-19,0.0647590716967232,0.0414858044817727,0.0438924994447476,0.028783550594555,0.0565539442557778,0.100700133214684,0.0978966009976096,3.09452763372136e-19,0.0988633593329268,9.80226199022158e-10,0.00148869655685026,0.0432754379727214,0.103237580664338,0.192394145977523,0.212353361073087,0.0494757909250498,0.0411726910680163,4.11680981323763e-10,0.090622659536589,0.0177942126490537,0.198586737786261,9.00932219710233e-15,0.0334437804435846,0.029070066489469,0.122419928872351,0.000790293214032169,0.053325156525623,0.220133908170079,0.0949420541623559,0.012994791663583,0.000334051063984523,0.123454631414474,0.0547580993939499,0.0223826512735249,0.170634753361123,0.0714119418388104,0.128009190653097,4.75257399486845e-05,0.0351374696962431,0.100359177641534,0.0402046673188007,1.57740875704471e-11,0.25778594783481,0.0694546516176976,0.000300077142583379,0.168596106754816,0.0553218109687564,0.0130796276143045,0.178128905221423,0.00126853830042265,0.0254860090395163,0.178999174459205,0.0937555286148977,0.268693718944536,0.0126140550369093,0.000421701749763941,0.0368112676755308,0.00442471100480066,0.152406579260826,0.0410442741414494,7.58784713808083e-05
0.0480275740437701,0.0489159248681805,0.0691993497285961,0.0500475902587218,0.0612930644901075,0.0395673408436537,0.0815118059019528,0.0848322372738148,0.0394073053909892,0.066604496075849,0.0466311083559791,0.0322570788362914,0.0513610566406149,0.0325945326622753,0.0590205618964366,0.0384434982014111,0.0849488378018623,0.0867433666338927,0.0823490407025361,0.0474790061847807,0.0416420458166769,0.0528663489911201,0.0844726873608277,0.000338784868483642,0.0558124137611216,0.127242623083853,0.0182866104575244,0.0281714794686733,0.0700022579259123,3.91444039283602e-05,0.022732981946428,0.0824969903090351,0.0875135310582028,0.0914681057577615,0.0354936643174928,0.0311866508665424,0.0393765134431263,0.0847262404823577,0.0662287442963217,0.0783078532669521,0.0822384792265155,9.99491072227907e-13,0.0928453839556038,0.0222928267343304,0.113521420649948,0.00351495068001401,0.0200478153554113,0.0856162159991727,0.033295932762674,0.0164937315708029,0.114906146387693,0.0455354676195369,0.0611427680852936,0.0598375384407405,0.135296352504144,0.00350133208468042,0.104683144715004,0.00423470810255417,0.125072296203964,0.0714337216726313,1.08963112906834e-06,0.0186482268212246,0.0508861435720081,0.0529998441796191,0.0362083999535953,0.0431985159201922,0.0562200575485187,0.146787950625958,0.0764984429297058,0.115999793218809,0.0147443695485336,0.0687426101906025,4.39917564354827e-12,0.0582007949001563,0.0167521548771477,7.77591104428506e-08,0.0373053071334083,0.0621229198654129,0.13479032898254,0.0780916076237173,0.0300453599779112,0.00483150787542368,0.0886109339376901,0.133642789476501,0.0233252834613017,0.000521076296155352,0.0845770443029333,0.0318535078951432,0.0036255181958798,1.78871621123197e-22,3.75396396752712e-25,0.102433504992024,0.0957328798913972,0.0292730874351512,0.00195822967010995,0.0278882188739302,0.0673365331176727,0.0584954005521856,0.0740249868744119,0.0369858653769917,0.110393877220234,0.31774679749437,0.0781871548254384,0.0263304283210908,0.0370516487761768,0.0431053032046839,0.0467082250499085,0.0676267940060645,0.0262250451946143,0.200656132480253,0.110441154494776,3.57216510556609e-05,0.0803735495715863,0.078915900176039,3.16290696733228e-19,0.0337609580420435,0.0564092796269367
0.204036396464031,0.339651125218324,3.3904677087094e-07,1.79091747237339e-34,0.193366871728131,0.337139041387706,0.021372547044311,0.0260552019055585,0.339124632669828,0.170440297942557,2.67723619805183e-17,2.28306296116326e-42,0.0219017592228233,2.00591927495774e-29,0.163684503658255,0.333768747877328,0.115695554867281,1.41984423895626e-05,0.123922732974233,0.33600310367429,3.17343973616845e-39,0.162120005592228,0.0361402344417128,3.85782829739004e-49,0.0200100658090406,0.117223190500015,1.14057594170374e-29,0.336660114356519,0.0101942007271114,0.113823450625701,0.118902178679561,1.02337707857339e-30,0.0722646217006224,0.0821614997970904,0.335500607246451,1.12865758177179e-19,0.0122459485683053,0.171332924208977,0.000865253734978138,0.144840776004615,8.0600886626744e-22,0.0292256700355216,0.0956045804607518,0.329833324650774,4.94512746831006e-17,2.47820201419568e-24,0.148769168005419,0.00455560127466398,2.21115597422592e-18,0.0775557239725986,0.241722998017864,0.0706141983453996,5.68833669501891e-09,0.144770438585797,0.238756497596065,1.11843656651045e-12,0.122221644929782,1.04924053491198e-43,0.0101931154499422,0.0399398734534425,0.0785456827005947,0.329514395110379,0.0114450565413749,3.03572539803599e-20,0.333295539778927,0.00811788707509785,0.181404743382568,0.0974142053708321,7.55848913352334e-19,0.212313446910892,0.126140040893332,2.05681833367601e-48,2.72933266482481e-31,0.0243012088710856,0.0665074722414348,1.50615006904612e-06,0.090861349747218,0.0208886463005822,1.24305929161745e-22,0.0897933929346209,1.26960152113099e-13,9.9986330337682e-39,0.119816960348442,0.161695251969603,0.333735112301861,2.81253593561742e-23,0.245067770532796,0.0735327867975758,0.047762881794837,1.13685729684914e-58,0.149628963334994,0.251311673994316,7.0186244229156e-09,0.0104107049054397,0.0754609987778271,0.333975853598171,3.09339840256893e-34,0.0443961404549321,0.208324749778112,0.0453427078380571,1.77582612189923e-17,0.207707461384529,0.0850836468949728,1.5216474480318e-26,0.00307528759021359,0.246631749394743,0.089256310675582,0.106915423065896,0.334388744127164,0.185133608726282,3.25941768345965e-14,9.92196246680489e-12,0.0512107547337635,0.0675188852162894,0.151350511655498,1.17290152129639e-44,0.00751903140286653
0.156037694392944,0.231296069844224,0.0266196875933936,0.0548839737720748,0.143657836957506,0.234351294846491,0.00934718344747633,0.0114872477531528,0.232993786653865,0.131310439400636,0.0734204227978084,0.0352765510378755,0.0803186885638483,0.0382727296762043,0.130818874457286,0.231243161725606,0.0793228562208446,0.00214670030199833,0.11727187877865,0.227694505157398,0.055138824838079,0.126428432114852,0.0282398368728073,0.0627808206287587,0.00164847352476299,2.16305962207491e-07,0.0587173669169386,0.239196261642168,0.0071046726312365,0.195432117470511,0.149871895843192,0.0190253315409799,0.0499713844907857,0.0671181333640084,0.228941377906791,0.0500707412391527,7.5735502739115e-06,0.0962235042839074,0.0219193938601936,0.104708830536169,0.0100338352023844,0.160289879329595,0.0376012251524166,0.231388097730211,8.58393020737143e-10,0.0444035312139916,0.0481081207791139,0.0259296801147308,0.000115683719579292,0.0850511624979939,0.218770552571973,0.15380135213576,1.27915465317714e-11,0.0518889796249724,0.149075727569885,0.0188320752686783,0.0484485796200042,0.0624166792003519,0.0491257090042816,0.0578522947067557,0.186457125524143,0.237222162949313,0.000859425652240308,0.109017521305188,0.232993939710051,0.0093970916339945,0.158995802753977,0.208923921380629,0.0226370719580517,0.0698095765677034,0.0863891462286621,1.48775907974598e-17,0.0553396353281665,8.89145055550192e-10,0.108539277779314,1.07462027062577e-07,0.0484739049705316,0.0294185192782048,1.05882851381357e-11,7.57116573089029e-08,0.0103393539009378,0.00789142816199471,0.0687351727403052,0.216998483013495,0.224483263355003,0.11038967693178,0.121429852489522,0.273370687450677,0.0598882638717045,0.0487325060988703,0.0670707394224807,0.159706549064802,6.77145546591406e-10,0.0287193081250632,0.220682648803036,0.238072909229396,0.0478883947209129,0.00149486488171468,0.150419770006784,0.0931233900564229,0.00272620425897607,0.0366038699578983,3.42232887278333e-10,0.0963671880844749,3.83161805421669e-07,0.192438623928239,0.0967931896398766,0.254928892057115,0.233398272130009,0.175288497505456,0.0134463926700175,0.0408375118324156,0.00391764669289855,0.00212785386997291,0.0680069998380248,0.0196182822783488,0.0248431219121508
0.0794124310491818,0.0227862237070253,0.0374372374669782,0.0475280374339023,0.0758217461793349,0.0180563986565617,0.0299369541395328,0.0329588679514862,0.016904323184616,0.0733124067668653,0.0613594731445734,0.0118641991629599,0.0644347852071332,0.0143893239188783,0.0737341457504549,0.0162132661401665,0.053087472585981,0.0338758864495335,0.0730789120032654,0.0215584074185472,0.0917825151206263,0.0724183822865575,0.0280141421515577,0.0142543067822429,0.0243636928731645,0.047346655380472,0.021774647723096,0.0162422578931069,0.0226552631591285,0.0724177955082841,0.0709638906384547,0.0602387725163636,0.0387094746722743,0.0449082326724693,0.0147409899914352,0.0294549953834862,0.00205885466862983,0.0743552463980799,0.0308426700734076,0.0750851556871249,0.0683259956566397,0.0572711177838043,0.0280990830848198,0.0130790663589859,0.0506928711982793,0.0192616754943287,0.0573173082807006,0.0335127127713035,0.0151140044505787,0.0798896075253985,0.0782754314890263,0.0614355910827851,4.23651478615188e-06,0.0735281849207127,0.0807276180516479,0.0641276739661309,0.0334176633047028,0.0226685814334433,0.0690479624026203,0.0324319108882391,0.0549445910319288,0.0126065643033747,0.0229476056920392,0.0846336169706234,0.0195754567451695,0.0198628428167691,0.131244233006601,0.205590570506416,0.0169656657738915,0.00599023440359221,0.068236292460533,0.0356136422700093,0.0353469863781944,0.0149028062448793,0.00073514420069274,0.016792893701811,0.0626233832278376,0.0235940866827345,0.0398228407114684,2.2427747174998e-05,0.0212195863930729,0.00629578362132257,0.0526208141471706,0.117320014875034,0.00691174326282741,0.111484138593468,0.0494170643440792,0.0686842064393776,0.0188289967564155,0.0200218218414226,0.0430410118392194,0.10071945060496,0.0333994030959476,0.0382369199748711,0.0618923713807711,0.0127233759265134,0.0964906344222177,0.026689277101841,0.095710277422426,0.0601538212025725,1.99353119114253e-13,0.0886667170782246,0.00213603402025011,0.0675503409584307,0.0179777130098889,0.054108784935031,0.0154267915993019,0.111926403001815,0.011206946317643,0.137224309199904,0.0643539494688743,0.0361621957665949,0.110762891049126,0.0393555069540396,0.00514227973517312,0.0115649166630436,0.00537558113780539
3.2399476596317e-239,0.555700188150906,2.85532416740935e-225,2.53586710444844e-49,1.70286799646927e-149,0.583999281528196,1.30047121807366e-100,2.25907112227175e-125,0.588819430571339,3.6631142763032e-152,4.44223312308201e-98,1.61688972284477e-170,1.49139531323921e-30,2.48548373937938e-117,9.25705666772404e-137,0.600741114928556,4.43939184495902e-71,2.13766417982367e-34,3.186897027742e-193,0.591997244541,0.0167728258699899,1.68422670099124e-149,5.78529461593127e-38,3.86922056901962e-27,2.34293144858444e-161,4.55049897076633e-140,7.18760725911516e-53,0.595817449673928,0.00716267366028607,4.23525655561068e-58,1.75221971604018e-78,0.00869699186626454,4.43328320649335e-60,6.84000730588429e-79,0.60688038643971,2.06829025944132e-50,1.92829438475197e-70,1.00620506233778e-37,0.0144603784463373,2.40678242718723e-39,4.45496820310689e-26,2.38752746124254e-20,1.18829616409098e-17,0.663522658622499,1.9667465795483e-95,2.98204958190942e-33,0.000166940883095506,7.863819308281e-05,0.016415647984606,0.0296414857721941,0.0235671579836999,5.5713708469182e-32,0.00031832867414657,7.6999562176557e-52,3.27276100112519e-49,0.0256484800008216,2.72146559550306e-54,3.9436248179269e-60,7.04818599045266e-06,1.25339235211088e-40,0.000601226962175623,0.645793815390188,0.0202452246928889,0.0173012088267674,0.622681996535139,0.00490904060977867,1.63797923993583e-55,0.0167800066555426,0.026203054864382,4.16905348394918e-81,6.4253113156158e-31,0.0039834857185915,1.39734859030865e-50,3.65027399512186e-08,3.75628586937429e-12,0.0202946616247366,0.0107810375403013,0.00195741292482168,5.39566333085935e-20,0.00112518016825026,0.0236025348165435,4.17444690735478e-82,6.2329006827488e-65,3.09069545981827e-80,0.650561801582922,0.0198025520102874,1.01227049699628e-09,7.95520620508467e-42,0.00597680556301683,1.89732623745801e-157,0.0219793440300758,1.18281430630305e-40,0.0373823467964121,0.00764101697336517,6.18151699479327e-21,0.624534057670459,0.00394317793654237,6.7109705724489e-07,1.35727566737893e-87,0.0312705575683268,2.47054534536253e-77,7.44374792440727e-55,1.10400706978499e-44,7.84281449277419e-14,0.0269315173619069,9.57447246826474e-58,8.20827271787761e-20,1.3399766464157e-26,0.651514921112717,2.88454367884914e-74,0.00467257797291166,0.0160554883257168,0.0452034459968959,1.80316751157059e-21,1.79033822444876e-33,1.89907224945247e-112,5.33607631573023e-28
0.204634279633316,0.028113481151281,0.0271179264390728,0.0105314562672824,0.211406104211092,0.0109349574559962,0.044920219779183,0.0499139028226277,0.00916749007255602,0.176757999127737,0.0340467171894046,2.22035779994643e-51,0.0696396733676161,3.24751619651731e-21,0.163665617974694,0.000295095021723064,0.135958670171526,6.62272702776042e-12,0.152386185727108,0.00765361173809752,1.14564744405034e-17,0.18388949044551,0.0755548162322436,2.05250800830888e-22,2.38401343593682e-16,0.050196913381498,8.28891771396387e-15,0.00357774770709967,2.5576400242246e-06,0.163049164622857,0.210871542961473,0.0184728796368841,0.140838101409012,0.16724948819243,6.26118234229372e-23,8.5714142662998e-20,0.000648443678008656,0.176510034812985,5.13311439792508e-23,0.076362577458131,0.0124238366774687,0.137855372442568,0.139699010973968,1.21011099471657e-18,0.0618716241870923,3.45496896489822e-21,0.11403261761992,0.0264070098252278,1.57557706273059e-45,0.0146472069443798,0.0434976681330691,0.191738822961716,1.91204337574921e-39,0.108573769503088,0.0850862202675726,1.11763660776168e-16,0.160147792716105,7.73097483520225e-35,0.078459493127365,0.0890638388309842,0.179894628424188,1.09052783907749e-15,8.48475921299229e-12,0.122532744471507,3.5952620526788e-14,7.86691822410522e-09,0.000523030656337953,0.000148695365484173,1.38009426093073e-33,0.306043584326208,0.15326928918237,0.064872158973202,2.41366408035605e-48,4.42099412621842e-11,0.204240618765272,0.00550121715756215,0.137869935008151,1.33285466944078e-36,0.0785212720981821,0.218799603752512,1.21476559867157e-32,4.96558563641955e-52,0.104624024236676,0.0442181074719062,0.00131780143462755,9.03550273271447e-12,0.0859329611323572,0.258203734604635,0.00122320317967032,9.66580807187861e-48,0.068800090371319,0.099604641456335,2.4468481081111e-06,7.44100864354516e-06,0.217458551743279,8.5290533060542e-05,0.0276983926867161,0.0485259513979094,0.18029136090446,0.0846736017632442,0.0188626934153689,0.435391008479038,0.284298972969445,1.58037371054491e-07,1.32292193354307e-07,0.124634361450792,0.0701625166430274,0.417014139150033,0.00533213037696725,0.0487784332382291,0.0582736331746302,7.08776474359316e-06,0.109350763240665,0.0520548894138535,0.0877220939651531,5.44154469065746e-49,1.65588969523858e-21
0.118181663471864,0.17638636716767,0.0119378596317279,0.0197509366695077,0.113969337525707,0.177187390491372,0.0106655379291116,0.0140215240717191,0.177147317375998,0.0984916656701037,0.0346104227175002,4.27533740978763e-12,0.0451905759939942,0.000101673745278045,0.0934214853486717,0.175461852264813,0.0677981894559366,2.44693625839458e-06,0.0920674574427916,0.180047311368534,0.0628447685836367,0.0628437545513204,0.0148122986392434,3.03374381781585e-44,0.0219066398318869,0.085050847793084,6.20803961137112e-14,0.179344161845953,0.0197907375915799,0.0860677087774108,0.0342489543361983,0.0309448497282791,0.0145498512542097,0.0273440214127572,0.176420855599445,0.000541542983637479,1.39373248724391e-10,0.0741501244733506,0.0205285325339768,0.131157898446742,0.0264382182845767,0.0345726107397485,0.0295252262016361,0.163083768938452,0.0137071061906543,1.37727476195361e-12,0.0261403485267331,0.014312267572696,0.00051841157303696,0.0883352098286325,0.226193549249046,0.0516362466716731,4.22183796644408e-22,0.0439454032128135,0.186999292535059,0.0238430867379681,0.0339621640395017,5.43900951048283e-31,0.030716565358981,0.0233974064235618,0.0687652873392202,0.16859318252873,0.0205699624337674,0.015670486165379,0.169785172155274,0.0109160251552614,0.184702037143249,0.00593490837414201,0.0017562192967019,0.136375449241428,0.0183023793921293,0.0501115998565011,8.56220636980758e-17,0.00932984515008195,0.0464794524661279,0.0168187199148158,0.000124973552649131,0.017524553130522,0.038113864461582,0.0432547444483225,9.0143819732337e-30,7.40709597346906e-05,0.0405219994422244,0.118566911601276,0.168120002729699,0.0210494875939976,0.227522199544413,0.042531303950955,2.07917749271777e-20,1.30687923862028e-16,5.51295544865802e-07,0.235808305081813,0.010791977919933,0.0143108903547582,0.0661745248343598,0.16382802031823,0.0258622040497528,0.0126491177584505,0.116774999255976,0.0595892901527365,0.0179864125331329,0.16571320004611,0.0228902705473569,0.0136155959146677,0.0180311594751442,0.215386708314038,0.0217824681388559,0.0695531874578256,0.170928615376649,0.114475192975785,0.0507500246997394,0.0119421459201183,0.0105242225144148,0.0577472082705017,1.02824724818452e-06,1.42084501305424e-27,0.0194882591144076
0.193653310262387,0.00479415160509178,0.0343878649782291,0.0226482365224561,0.198427740300185,1.89194673467849e-45,0.0460572383139365,0.0449648704592353,3.4408144362571e-65,0.173487373338805,0.0360680031875937,0.0448712450089165,0.0491255482060828,0.0331763166229416,0.187200696843707,1.50233615871014e-76,0.0835451718390658,0.0616470173607297,0.0801749109266246,1.0257660417169e-12,0.135301397745311,0.190234849719896,0.0170577849856223,2.04976348566746e-24,0.115462432879143,0.215387115269373,0.0285880297500119,1.43177300352142e-105,0.0318297667612133,0.0190466421157795,0.118901996066359,0.0856476906465154,0.0294878282784333,0.0348763503126351,2.5723178641517e-122,1.28285430529325e-05,0.0915855409852675,0.215607064125364,0.0241413106472645,0.129797278699004,0.0841062508379553,0.0254854384745693,0.076167971562622,9.71254773292776e-179,0.0644006281804434,9.49506848951215e-16,0.23290927543214,0.000831489879227828,0.126098321367902,0.143143983257301,0.0225987785452931,0.0693817162491225,0.0375883736120757,0.227520765425329,0.0978067688819273,0.0920522755278202,0.0874611806543479,7.3009168372716e-39,0.0726566574957701,6.54381026656698e-05,0.0456606506570683,2.39143750487656e-190,0.137861541142297,2.4287644492748e-20,9.01531076824333e-174,0.0288695222553658,0.139544004752947,0.182370336348851,0.0962886027661834,0.0362074246828459,0.210172697918969,0.0457468316529404,5.13420827725043e-28,0.102344162660767,0.0205390335869772,0.0774889649294708,0.174318029413102,0.0325906001005135,0.0883012927292688,0.065328524432385,0.0921350349407186,1.40402859348295e-21,0.115607306431261,0.0120447830164955,3.79672992945292e-222,0.0407263265002015,0.174930977606177,9.62804325190006e-05,0.0596768385931284,8.54993485321522e-36,0.186072038213324,0.112437896986511,0.105974047299494,0.0560405802058439,0.00213646114057694,3.41943478984154e-255,0.108671989965148,0.0879560915756662,0.318124988662128,0.0532494841391364,0.00336528417450889,0.0100024229182444,1.13243951945225e-16,3.46434763655986e-09,0.137077915555016,0.0425716724430883,2.89572962873019e-11,0.15460760161005,8.03878749717008e-241,0.0710770564466923,0.14261369410587,0.0239476475498482,0.180067196947474,0.167257452299971,0.103469411849876,3.3874322659821e-07,0.0144543295137751
0.178133075334019,0.174368298326739,0.0782804013633905,0.066063157975405,0.18657703427669,0.162541486362353,0.0905129072451276,0.101186324636136,0.16302142584322,0.172492204252726,0.0836651042415632,6.026218951901e-06,0.102113459527998,0.00315919331522934,0.160023047564441,0.158335373823612,0.156513466640561,0.0866985650220254,0.202488753664463,0.167926404507789,0.0282282836860256,0.159955894500213,0.132959687832741,0.00518548060311021,0.00220599971072546,0.132870396400791,0.00137378007747242,0.155099317393629,0.0774680305654092,0.139472331430696,0.145284904659919,0.0880849481675158,0.148339888834953,0.162692949257534,0.155734190624718,0.00965052197338918,0.0316007855475329,0.175316950213264,0.078227028980844,0.157045964404078,0.085148867572873,0.0951367190072114,0.126083626484406,0.134248616384609,0.095318824762424,0.070699948590084,0.150443852998176,0.0935882870061647,7.29762434444619e-30,0.0920949630457254,0.258320703866418,0.0836987618436923,0.000102893919867208,0.171137957757112,0.263197366355417,0.0667961834846909,0.138275737619257,0.0637482106946056,0.102921439935128,0.142371708246781,0.0896645962824797,0.137588784274828,5.16449232790332e-09,0.188712826993566,0.155588105444329,0.0529275069618768,0.164325472019187,0.140531393856214,1.79115120378888e-21,0.248955410598382,0.135110866167133,0.0837927456890255,0.0421472197787183,0.0519419485898151,0.0811041323021338,0.0526379581699991,0.156891579028347,0.0580498924046918,0.0685697513641771,0.165958615691319,5.98809442022166e-15,0.0298192598332713,0.106878571085575,0.309022881312703,0.136886938139339,0.104905539512798,0.125589663088863,0.144155267553798,0.0161697401314501,0.0631329930289399,0.0731159061201025,0.253486386101893,8.43616340729128e-05,0.081455663170974,0.178676363227514,0.152942971484067,0.0921882745171098,0.0875223851835081,0.148445549231588,0.0412147338610256,0.0458301510364703,0.441832509039227,0.198086863950502,0.117120313052679,1.21211541254765e-08,0.181172868405005,0.10151350977208,0.114041850204475,0.140360377043307,0.305675670201873,0.0596903407761967,0.0512443025625145,0.132592656315003,0.103261156123416,0.12964031827345,0.0273328841835803,0.0415187860990645
0.287816664738484,0.0774980872171022,2.10435470508996e-40,2.67806044211697e-58,0.295999948333772,0.0677227191747955,3.33776715796022e-10,9.3985296335216e-09,0.0691972231361845,0.268292431189827,4.24882642657435e-09,1.41899914423375e-65,9.71164784202804e-30,2.54408999662495e-119,0.34323023516719,0.072108411958156,2.98059064660634e-10,0.118933638720258,5.54274106225265e-07,0.065615850191465,0.124929090425321,0.569975160664665,0.000185055084733522,1.72448610292976e-31,1.69905401311651e-16,0.106432046180986,1.78948620605285e-42,0.0860100634898978,2.12737328064538e-10,0.0652479418873921,0.526832244099465,0.0312516239541194,1.21262040209677e-27,3.75092956372653e-16,0.0726774943527293,4.60365723156893e-24,3.28339119042493e-18,0.502617874425734,0.0213830616149806,7.22007088278351e-09,0.0758108117566469,0.104791466147752,1.48848154225718e-06,0.0687243704927896,0.066208835444151,0.00142395709917509,0.677716684860928,0.0200236460281046,1.53461360390491e-38,0.0569742512759867,0.112322139016728,0.0512534906017432,0.0518800411632251,0.717546689301321,0.139493292577027,0.0353343636945175,0.00404226706181412,1.49167884920859e-17,0.0752411693650634,4.52194559693511e-11,0.0169061939972108,0.0792145065868274,2.40041135308102e-28,0.0532205837653104,0.0875568514638666,0.0108960176114211,0.0275534854020442,0.286504788005188,1.98246870408051e-32,0.000223715675872755,0.775934281831216,0.0310226236752762,0.0189459602644079,0.00025080741581894,5.34837373503712e-05,0.0583746220349695,0.639952048467779,0.000160616504346614,0.0616256319551386,4.75037533668427e-33,3.58139169678356e-32,3.92919070565627e-06,6.46113267622043e-11,0.242215551392622,0.0781533094948416,0.0181077370196751,2.06316786903674e-07,0.0806008484813479,0.000191121133215547,1.99043781522948e-32,0.766807181194034,0.0274650333698089,8.98784563521259e-31,3.01175176436206e-08,0.0131393577258557,0.0817667588476702,0.0412509865181646,1.91537383956041e-09,0.397080103550222,0.132571473568928,0.030925937254934,0.171395775396398,1.07049766257773e-08,1.47029278702386e-05,2.02190922600283e-16,0.00332983221885367,2.83302307018246e-07,0.034271193460129,0.05244429210439,0.385755293968667,0.0312592843305358,0.0767514483044291,0.0167741445511563,1.52984074271275e-11,0.802451652135088,1.13928652276211e-28,0.00479402132597546
0.0353612260893143,1.40672162612711e-37,0.0752771632561664,0.0582856336230106,0.0472292330017124,9.89939318666161e-118,0.0843075237061689,0.0857975146211718,2.73468711296866e-99,0.0552348123832062,0.0482689505660559,0.067027950241023,0.0524371930207734,0.061952750284868,0.055683343313132,1.97725616519737e-125,0.0688335226140801,0.0936414827493271,0.0540591110593527,2.9312287763852e-124,4.25161115937798e-09,0.083009671166655,0.0931264661398671,0.0588929755667866,0.0395264778918646,3.8596481644891e-06,0.0630429422136357,3.35098968014288e-158,0.0768180561989853,0.0760734773905524,0.117374628181087,0.0421083299454265,0.097840146205381,0.108039424668229,2.88988280286761e-160,0.094672762540484,0.000616292460326232,0.0835599733646756,0.0765703052479256,0.023521882459507,0.0608200892947393,0.0543765554454214,0.0806560224540764,4.41017544578938e-176,0.0795396401019964,0.0765722153337303,0.0778211081559698,0.0893948686789373,0.0461157569493137,3.49735232387978e-11,2.36703751158532e-09,0.0485795450272127,0.0210947033121568,0.0712434084370772,0.030674895512505,0.0164520121269753,0.0541546843921125,0.0708748123128847,0.0863866820778998,0.13098940202712,0.0582833689521338,3.14386028694026e-181,0.0599232545245794,0.20334391326454,2.86067210296791e-148,0.041715263882632,0.00111492926454566,0.107485337667816,0.0888913186172336,0.0753285385453553,0.0879782243976622,0.0444107632402015,0.0365455415867697,0.0217556355169372,0.0162781735454358,9.34609915703673e-39,0.0802714991130468,0.0664624750053213,0.117408481500902,0.154440508093977,0.0443698334544252,0.0604186343858251,0.0302681631036964,0.0111167042709165,1.50008674872571e-140,0.012441332176956,0.0275715527677933,0.0858873588153779,0.0693193983808165,0.0773042340390729,0.0562644449163824,6.22269331166744e-11,0.0351063002348788,0.0388353064124946,0.131597053453292,9.34950676877242e-135,0.0499704429716676,0.0118896552824578,3.8887071422933e-05,6.14166813225591e-62,0.105502412234714,0.175911764112015,0.14401471753879,0.107549756318349,0.0270221891227108,0.0411176805900354,0.121347152308751,0.0857605152486314,2.63714461047733e-233,0.0171016323981956,0.0712704671621669,3.4075846845934e-15,2.26451486614552e-08,0.0138837467503369,0.104691239836512,0.0332506945710627,0.0962558240640627
0.0375592376023475,0.103955011851682,0.0379540498621629,0.0479931420850405,0.0348869044727149,0.105206349132898,0.0304277627115203,0.0297041299753008,0.104176018242472,0.0414409494053511,0.0481478786038378,0.0471992639269136,0.0424736090211906,0.0418531563845436,0.0480381561075736,0.106938956670482,0.0299915546676087,0.0450601679027114,0.0304188525164936,0.106575892359807,0.0646793305247829,0.0578079833856027,0.0255127955407703,0.0366590372693316,0.0318079206225898,0.0493095841713471,0.0426912945974397,0.104321095540662,0.0348285284797439,0.0220249641194178,0.0407759445928959,0.0540859544863456,0.0199639193932355,0.0218491251021833,0.105144327548827,0.065992975738641,3.84742379011239e-09,0.0614341551187004,0.0416961255328282,0.0482790631353925,0.0638519979498194,0.0167532265469364,0.00796300880267096,0.0861456146221111,0.071485123763112,0.040304926633251,0.0332219205695048,0.0512041815575949,0.0201264288825637,0.0101228995762487,0.204550111664063,8.58903105289364e-08,0.0371761397794891,0.0778432392666571,0.130757754739238,0.00388506216194305,0.0072310449044759,0.0642758143271584,0.067471334367725,0.032782982999583,1.60418365488801e-11,0.096136501866858,0.0157887948140522,0.029243469561297,0.10283508258332,0.0192526305888716,0.0728591063894486,0.103603541003197,0.0401046121770769,0.054733294036521,0.039377404074116,0.0550863274719808,0.0677349940297725,8.73012619523758e-06,0.00379837987790083,9.25835153660583e-22,0.0463428318275967,0.0301338930045626,0.0525978229573525,2.66822256988141e-27,0.0156893526834304,0.0536428569326379,0.0173877260832336,0.175105790602488,0.0925734349584463,0.0351715036074209,0.0451197756385791,0.0395470979853889,0.0201211169717438,0.0717330587334727,9.14286253987253e-12,0.121195789719087,0.019345942710355,0.0305311475063402,0.00453433897411093,0.0989393892199607,0.0493718895440006,5.43001244120408e-22,0.131009890815801,0.0391599216850367,0.0395833783412944,0.0729109968824036,7.31286539214865e-26,0.031681475174332,3.45996465504886e-09,0.0741938594437818,0.00471356189639079,0.0709227279224483,0.096745426127301,0.202398446797859,0.048785834395721,3.21022360179516e-07,0.0401869871890554,5.75102949291993e-05,5.39746534097612e-05,0.0922606249232278,0.0324669762738296
0.0657279509271094,0.285745860462982,0.0108273713299889,0.0158653901521981,0.0641093148163572,0.293017320325056,0.011042067233648,0.0111850068105628,0.293438696241397,0.0603227519415913,0.0133954494617956,0.0266254142379725,0.0198492369059488,0.0211660500209987,0.0444272639171808,0.290171702780838,0.0626721471027962,1.68466007800573e-33,0.0606478729806585,0.287698138290116,7.31218792769492e-52,0.0194709174378103,0.00876416706153704,0.0395474861440377,0.0268542558542623,0.0152694565065408,0.0324816266451353,0.28827709160927,4.28390964254589e-65,0.0806635610899426,0.0187424095374447,9.8370810546822e-42,0.0575408545938738,0.0504159580578045,0.289107617007219,0.0502140454421348,2.47820493514278e-08,0.0226083449806577,6.76970157915616e-114,0.0873040955614385,8.12662653352909e-19,2.36336723581336e-12,0.029967992654443,0.258923110408208,0.00691454656672365,0.0647574343858757,5.31564153085194e-26,9.03481835085999e-51,0.00168489296849954,3.86051192655398e-36,0.33298943195749,3.62454088606707e-23,2.44851424410838e-62,0.0224739286717786,0.171658123548308,4.09040194148324e-35,0.0497874377570998,0.102484926417595,1.24395567270758e-66,1.55865251565141e-39,2.12411491709189e-11,0.275756954350488,0.0280149389714511,4.09444494156963e-18,0.277906014092793,2.09356290320056e-80,0.126498920315347,4.34777376079581e-05,4.80716565062077e-14,0.148361450225816,3.62768368683644e-26,1.78491139653422e-75,0.113914424593617,1.1735411291511e-33,1.03575861444652e-08,6.23043818035721e-82,1.55719997832328e-20,7.84074018331939e-82,2.84297729563767e-80,2.43533357952618e-14,0.0244416347523201,0.0679727202238658,0.0392760732807255,0.247878656004337,0.272029558470551,9.89927763256044e-33,0.110024222972088,0.0104988892789344,0.0464032599751417,0.114177042113899,1.84556549887551e-26,0.215869636596431,7.63279709440855e-13,1.04187421096781e-103,0.0290881210201323,0.281595010471225,1.18673171222495e-48,8.01787325298001e-15,0.0690085806990277,2.61872455563026e-23,7.77023362185565e-19,0.0759282244172798,0.0376834749948388,7.32122838342632e-09,2.34142714580551e-05,0.229649172552211,0.0846994846630965,3.52540911045926e-22,0.277129538646694,0.101598596246865,1.88883650594776e-12,1.3101721119269e-51,2.67361057000109e-64,1.19385193882024e-06,0.00509520825375502,0.0929623137014224,4.84372794230976e-41
0.0407127589885307,0.0242564394460498,0.0369900168513012,0.0472996696123835,0.038300582396503,0.0222196699254204,0.0275780396463969,0.0307973748525551,0.0217599826169934,0.040466110630073,0.0584926253905624,0.00997645984981877,0.0536011673387873,0.0108010584632656,0.0457490979817556,0.0236911866860792,0.027639582802103,0.04659016230286,0.0457417100435118,0.0260786707330522,0.0745871426954867,0.0634390383506574,0.0327936131282136,0.0162126198994209,0.00210974717627153,0.0144692277965427,0.0181779600235674,0.0219738569961619,0.0278209135677257,0.0463273092913855,0.0733119298319407,0.0557234384588061,0.03585262988862,0.0420966452126307,0.0224834411627461,0.0189954620031214,3.02537291659588e-06,0.0525297274365941,0.0436581173980473,0.0247351374293622,0.0582120269708177,0.0640156204715363,0.0207049886395776,0.0343180665698636,0.045609395066006,0.0172987140660862,0.0383137779456619,0.0481703579009852,2.2183467922318e-13,0.0477576309814433,3.10382118675105e-18,0.0648155275281399,0.00719172776270123,0.040740886320335,1.30773872685835e-14,0.0746953725163995,0.0256736794383148,0.00419498179785528,0.0526441184398347,0.0422528544875449,0.0601292696323811,0.0306299242922283,0.00728336320564217,0.106599316794925,0.0307940918467962,0.0295960288635504,0.0288242871226819,0.0927677419694964,3.18513202544177e-09,1.40871390315473e-15,0.0617758369036704,0.0501786644745339,0.00570527219289398,0.0265127393498295,0.0264876151416751,0.0184873580613203,0.0511623948266305,0.0364662319632879,0.0308940455237462,0.0134813510364907,0.00853675751707736,4.73023870527479e-05,0.0518389445416339,0.00760542905989955,0.0267233774353441,0.112219752199756,6.90055011784039e-25,0.0596141668917047,0.013583112524504,0.00623346145168776,0.00944509317460037,1.00592253963996e-13,0.00234345521727622,0.0637948471839711,0.0940008308371362,0.0328672062951639,0.0818642913868505,0.0443042138393473,0.0634049442204018,5.93179533521996e-11,5.92703960297176e-06,4.826067492213e-05,0.0268571131259289,0.0880117951075513,3.48774201802362e-18,5.93183899235463e-18,0.0257387580980428,0.0741404271804503,0.0301975289061879,0.0264026705795778,0.0582459276221227,0.0276178189730237,0.0523270556198228,0.0482000953417081,0.0321985505016544,3.3518124222648e-16,0.027129886799404
0.00920745032591022,0.0390204895537772,0.00202508533627405,0.00625723135616712,0.00650045920437397,0.0409339285398547,4.50619800397287e-29,5.78114284588125e-30,0.0407031942404682,0.00609919276434655,0.00697757393326087,0.00903573205999058,0.00632707023885217,0.00859680629110743,0.00949963527270538,0.0418664783417018,3.34516972619785e-10,0.00173209472532539,0.00219416527367643,0.0413723412352643,0.0114218643328575,0.00380380373770342,3.57163402310023e-41,0.00397191229716926,0.00943795829631012,4.62370473421086e-07,0.00885244059734992,0.041805504079308,0.00186358706762321,0.0113171758627505,0.00583787681809085,0.00416484680005901,7.84899523906429e-136,6.09111112670637e-101,0.0408975329037612,0.0100265376035612,4.18362280566916e-43,0.00488251774601129,0.00350383682971269,0.0119041281135334,0.00534381399037598,0.00241989624069611,4.94191134045995e-188,0.0345234277416715,0.00652717001957192,0.00213930149079759,7.03940953752017e-61,0.00444784086012911,0.00977525778003413,2.6648917460692e-07,0.0566957205326724,1.97246643000382e-40,0.00917687493117981,0.00238557468985346,0.0326718829584469,1.22530403948339e-06,3.95746815998178e-179,0.00573975413918379,0.00156127362331875,7.21826619816646e-41,8.68489022064469e-10,0.0384110225000966,0.00690021639260957,3.59632651243287e-20,0.040123208060919,0.00526673825944147,0.0311746543065969,1.25831223781872e-42,0.00249220982557412,0.00349423935371763,1.25846697661739e-13,0.00795392339321115,0.00521969747714797,7.60782756863488e-71,1.0584968792713e-44,0.00031500452019187,3.812271338412e-61,0.00191566751875888,9.30481678475152e-08,5.85556055093957e-102,0.00609518569280481,0.01056349854924,1.20835204900341e-130,0.039159966724288,0.0371627901079414,4.61849334660801e-36,0.0232301226544277,1.39983028198596e-28,2.405642510762e-36,0.00496321647661624,1.77924081314947e-55,0.0345354355401596,0.0086941468593745,0.00672678789610567,1.13693803894472e-30,0.0376244053698962,1.10350166346593e-81,3.53935361718652e-183,0.0126891335160061,0.0122386970923087,0.00397767518618582,3.99185053348151e-05,7.71911688296577e-14,6.50329626405185e-29,0.00748958584627186,0.0244916029915558,9.39778208852325e-88,1.84634186618605e-44,0.0379105454004874,0.0343390983713575,1.00137805921473e-12,0.00734319460754668,7.82103059603608e-63,4.9862410480899e-191,2.09212719540036e-80,0.005682664303741,0.00215480600886517
0.0411708656365189,0.00474061309749371,0.0247689827433882,0.0392802124256581,0.0361886339436746,0.00363717318537067,0.0125213993908228,0.0122092562461377,0.00206282539501918,0.0372990862942343,0.0429113976950703,0.0435941885047741,0.0405606081310288,0.0337870132844037,0.0456672017792196,0.00400092702219971,0.0133790335078312,0.0260309621990489,0.0139218485985015,5.51064687585583e-08,0.0330179824807836,0.0728602728592697,0.017054604330178,0.058036490476131,0.00720319880438416,1.39939351274388e-34,0.0424740981206838,0.0042300880395148,0.0127308593187338,0.0474345556424077,0.0766785133783329,0.0297921841584996,0.0176657859283892,0.0290948823881009,0.000777373349642912,0.0422635102164713,1.22040527148899e-22,0.0446700423774553,0.0250111533040144,2.40009231820339e-12,0.0221414620351692,0.0885550807179186,0.00576954828996185,0.00933515071086376,0.0126686382986506,0.0462075701735928,0.0501439553220427,0.029682314711755,0.00508111406255023,0.0237776113298937,8.77808553171434e-08,0.0631957239470103,3.78302585079476e-21,0.0440717120703244,7.10022932343054e-32,0.0337938785028195,4.81352848295586e-08,0.0513377322648368,0.0269212016706471,0.0410682758773685,0.0744738405532897,0.00994599421476003,1.74159514747395e-08,0.110070068491056,0.00759408060842898,0.0118733241258531,0.00712793841036048,0.0407268141273197,0.00906750471577044,4.33782302842605e-27,0.0783093519924141,0.0182826573733495,0.0436242201262052,0.0034950252558615,0.0423430045980323,1.39513400266068e-36,0.0537908455433629,0.0196442811099175,0.0129973600432992,0.0315620852574321,0.00402647001194385,0.033691907305496,4.16420117296849e-07,0.0180274991818708,0.00715999679996299,0.0684093130716985,4.2785934174399e-12,0.125099234006381,3.96518780374015e-14,0.0551377275956843,0.0169110977018924,4.93031107847777e-22,0.0101962827569598,0.0366394536971331,0.118599209052947,0.010882847047341,0.0346623809986254,2.61611034319159e-06,0.040926204738189,2.23174592400872e-28,7.49954705120312e-10,0.0350899232618608,0.0347407536486186,0.0768287259565985,7.65021065348186e-14,3.43274858000846e-10,0.00975902816396439,0.161632627138049,0.0122735770628562,4.71492139895645e-09,0.0210267758721774,8.73512826365472e-06,0.0608463481399172,0.00178484148977545,0.0212538786049651,0.0389769909835868,0.01368966002441
0.0965421373514553,0.13135417574623,1.71548134064795e-17,0.00924594338910791,0.0880607426163782,0.132568058826594,3.41343415532817e-12,1.43070372415272e-13,0.132614974241022,0.0771550538591997,0.0193241056943168,0.00095941057321217,0.024755019956358,0.001605660968919,0.0774191439210047,0.131310795537998,0.0378328419002402,1.2778878071524e-17,0.0658467441864734,0.133042914852719,0.0400633421226807,0.0636581082291806,4.7150254361441e-16,0.000230915471993903,0.0064108857554205,0.0314224427165676,0.0084363811508203,0.136482819365863,2.85466543868118e-26,0.086835493503111,0.0566889149532339,0.00425002679128201,0.007247880444098,0.010649054700664,0.132056661185584,0.00343062527741861,0.00713943033450956,0.0617200493503188,1.0140982248138e-43,0.0832463423497549,0.0084183556289551,0.0364634435854241,0.00765704687874461,0.11565439182353,0.00746732586086122,0.00304367085972816,0.0434260380367852,2.26944372392016e-14,0.00183064237559669,0.0463879980053785,0.200645113934331,0.0377172182230502,1.60955971117188e-19,0.0741042224410751,0.153681477957092,0.00240646926366942,0.0105359266434485,0.0211196454721487,0.0171336738538524,9.7706377365223e-05,0.0425058437835927,0.124238448727693,0.000698632064014962,0.0163347866563773,0.12611278727262,2.07730216558223e-23,0.13320639340519,0.0196001484783604,6.61055449657372e-19,0.0759443363365771,0.047128331621483,0.0110842604333163,0.018147834671248,8.18312780560007e-13,0.0298938589951345,0.00225712592246517,0.0407049807894308,1.19649793312069e-36,0.00118501287483427,0.00484499987274544,2.29643924763934e-11,0.0047040542556358,0.00898902239839675,0.156655826278543,0.121535034485934,0.0266840671508197,0.129498651542208,0.0489523394206065,0.00572274504416818,0.0209970884132182,0.0624377525274583,0.166834910378062,5.38975671444792e-05,7.69109500224505e-36,0.0584716154279893,0.124594647743251,0.0192769225977134,0.00525432017928008,0.0673834328886866,0.0100476408554941,2.3053448813047e-05,0.0767998978587778,0.0196364557614473,0.0304922383625746,1.28959610416767e-06,0.169910574513764,0.0172294046160848,0.035139906169729,0.123696768284316,0.132843604137414,0.000146290351487685,6.11855314194737e-07,2.12654615206475e-16,1.40634559192798e-06,0.0623714097992488,0.0124055204707682,2.95808834753466e-20
0.0648531073599984,0.03122200300295,0.0127769195894182,0.0161536793248568,0.0633185915681043,0.0284090610289375,0.0116341572697775,0.0123186985471137,0.0275595310887078,0.056366109062911,0.0229873529218862,0.0129383812016859,0.0276694771180312,0.0108934821660694,0.057887409087059,0.0268477487149051,0.0317537693481432,0.0124379319684086,0.0419557679134543,0.0282799617183726,0.0354001038179472,0.0618824236967016,0.0128378044842559,0.00860236821167798,0.0127626952356932,0.027590128049824,0.0173696293236151,0.027228394024739,0.00438202550008737,0.0442778036983579,0.0615921635188805,0.020815218834924,0.0248103330006704,0.0281562968327681,0.0264338808026577,0.00164112964970376,0.0224110251805765,0.0565352116326286,0.00720057475076764,0.0335006222983225,0.0215777965255363,0.0405523499647818,0.0264468203248383,0.0289065865355307,0.0241460670325399,6.34877868637477e-08,0.0420565135300875,0.0116849919980322,0.0188443455696352,0.0278737613905622,0.0302378201887474,0.0569830190874339,0.00471660076506486,0.044442607341509,0.0285117199680139,0.0231378584482888,0.0330885669615318,1.06028109615798e-13,0.0308105662410467,0.0178184240393766,0.0549690694071251,0.0283602026748521,0.0154511183876188,0.0382417870314216,0.0282694399039298,0.0112559499078924,0.0359273954825022,0.0384353329616202,0.011286002371288,0.0238547034412442,0.0602021253733491,0.0164473730616543,0.000117300463285292,0.0276958352828148,0.03379202975683,0.0256888306832822,0.0504766422489346,0.0059885553281265,0.0269470524700317,0.0372540209572764,0.0165745976495513,1.85699807455626e-09,0.0283803387847517,0.0166239403648922,0.0283162100497219,0.0288121167463946,0.0441243739964274,0.0431406407520123,0.000115620378782766,1.10719283516828e-16,0.0425113885645305,0.00947392104798219,0.0274205152637858,0.00998679063353392,0.0574331895551766,0.0288515919079621,0.0347563248316196,0.0508676934242846,0.0366610152965804,1.03532281173767e-08,0.0144456417404865,0.0587354838035609,0.0360360692528699,0.0404846630154246,0.0194776351804353,0.020072674544967,0.0136449441594708,0.0671047686821469,0.0291362758449029,0.0315707185877915,0.0218948107419944,0.0101806193902958,0.0303236832008861,0.0388968113455416,0.048520880692543,5.88899144319016e-06,0.00725223154939854
0.00840307395028491,0.0135132985518803,0.00450484345223908,0.00465382427009498,0.00837914171645502,0.0130476025928926,0.00475163930062315,0.00486087618918592,0.0130945698049092,0.00800030827167789,0.00663175599475103,2.02472215312322e-26,0.00869328285839902,1.51274307850943e-06,0.00824444237790143,0.0129447831382479,0.00879063743460213,9.31162811593012e-13,0.00612460204754654,0.0132299383775213,0.00795127048298886,0.0139922875383251,0.00472667615059363,0.0037706509336559,7.98963761123971e-32,0.00391335412794602,0.000230415157279125,0.0121036709341474,1.74283229428547e-47,0.00308031351562242,0.0148160257931859,0.00929232083854108,0.012226276576819,0.0116346776738058,0.0129141239607018,5.34761351635659e-11,0.00139091270684896,0.0128922587636114,3.66371843970764e-69,0.000647741649096632,0.0131672682057585,0.00470572333023431,0.00834411795157487,0.0129972596697543,0.0160078495231112,0.00585382587667891,0.0109782747621302,2.35341565612252e-32,2.87772769833016e-42,2.80656424292359e-26,0.00780638503929305,0.00310460521619389,9.33798044471227e-60,0.0136146000473363,0.00487498239374218,4.0603083739504e-05,0.0110947393339019,0.00830948409828972,0.0152505351351808,0.0025204671263092,0.000520201403140457,0.0127672050991757,0.00314757004614263,0.00640541055611133,0.0131868415347218,7.74935088158963e-69,1.12832598669208e-43,0.00863686694883754,1.16609971297218e-14,0.0198991391283652,0.00889322771221971,0.0149038741364318,0.00026818108437751,1.79725435983942e-16,0.00964205001935982,0.000632088735388642,0.00972717021906338,3.34965476397684e-58,0.0137943082187183,0.00758782479969705,1.53869093357962e-25,0.00765064821784778,0.0105728453986428,0.00701790071263548,0.0132279241174905,1.20716258052024e-07,8.52571542675258e-26,0.0101527120258094,0.0088218262885927,0.00416158530492307,0.00995357420536772,9.79583032001008e-27,4.54398943504694e-50,3.42449746864122e-76,0.00094651299676183,0.0139166295200258,0.0178518566189864,0.0041814362775299,0.0202905610796734,0.0127432277969508,2.88430587694375e-09,0.0080378463794165,0.0115253820983773,8.20915414593472e-05,3.57592380727423e-12,0.00314063903575852,0.0113229252508706,0.0225754610779776,0.0134510548166822,0.000100489269953488,0.0184760851047879,0.000469790283267503,2.17359082906639e-28,0.00635825193480141,0.00756088920576698,0.00655771129054544,5.20978622866159e-26
0.0425133270242715,0.0380663126104049,0.0109960353105172,0.0132883840957869,0.0416152863599032,0.0366019816271402,0.0103166442068264,0.010863076306566,0.0361131795177034,0.0384479978897877,0.0173660449658252,0.00814797682658609,0.0199491955755247,0.0120378166981685,0.03574559528729,0.0347651028764655,0.0294268442368442,0.00583715957205,0.0370160513378374,0.0346444900878257,0.00370024026960081,0.0266750718898933,0.0151843594018176,0.0145144400340949,0.0111097152458125,0.0022279111149199,0.0133678264490002,0.0375960618955196,0.0148240403919831,0.0584643494745685,0.0352496809242091,0.00120507201788713,0.018117714580428,0.0224556511530015,0.0343864103139492,0.0164568990251949,0.000405671166493461,0.0252712208911423,0.0145754778820108,0.0398154766580092,2.01352408038712e-09,0.034514760473989,0.017598121980088,0.0356918358643297,2.71654432608468e-19,0.00616069506366959,0.01286742395546,0.0161052682097082,0.00759679322695004,0.0277549044836147,0.0440078093556707,0.0420163697177631,0.00773445733976614,2.43852722087563e-05,0.0284500516387087,0.0234727943495444,0.0172978900762978,0.00184326857658129,1.20267955071802e-12,0.0237370799313017,0.0555585046836672,0.0369140298059078,0.0161930556094947,1.20844995158064e-16,0.0330263682274405,0.0203060684002741,0.0448113389133457,0.00146064464953165,1.27237846349442e-05,0.0377933273137558,0.0112311020476045,0.0100293184347679,0.0157745988411641,0.0111569287052676,0.0417815599390848,0.0104465398454955,0.00865437466569074,0.0185696184765286,0.00159840822413575,0.0449412560527746,0.00410385485739832,0.0171855005925197,0.011984309501214,0.00616878726722016,0.0362917312846519,0.0135795970801136,0.0717452500265624,0.0409531682856741,0.0168404911273057,0.00879278059083474,0.0196957304416051,0.0551365054506169,0.0187883848462778,0.0197620037661946,0.0367890177380924,0.0333937818606644,3.91742607052377e-12,0.000627705520837376,0.0255248271449163,0.0555613365434427,6.08588923204175e-14,0.0425037021622161,1.54173868148798e-28,3.27258753864048e-07,0.0120363591427636,0.0689515412777955,0.0430356150843628,0.0470878823585571,0.0320881195816107,0.00129084255053879,0.00825386917412316,0.0363297446257334,0.0397935506888664,0.00145217448579446,0.0149985493237308,1.12326137619823e-06,0.00925641670248212
0.0170148517717431,0.012077082249346,0.00995922482216162,0.0121533069234422,0.0158454935144495,0.0115309067359243,0.0086349932833346,0.00773969870401203,0.0108911282375542,0.0161656939951663,0.0130438499035196,0.0164006824458678,0.0145566538661458,0.0144789369980518,0.0180542350288516,0.0110397629299673,0.0110134145622674,0.00725403039659337,0.00818871320750856,0.0116997353126125,0.0260346858303467,0.0156570526238917,0.00208012474651635,0.0101209820268141,0.0203034276855843,0.0149903036987778,0.0163354215265313,0.0109565665072157,0.00518080217075822,0.0127141257526097,0.0140029038829033,0.0157945465514425,0.00278924640265875,0.00461187948245951,0.0102125189541948,0.0246941336621575,0.000273175420359798,0.0198790257902798,0.00383781948210047,0.0198862709108771,0.022137771689978,0.00327721022568555,0.00243992853590525,0.0104585329933848,0.0134620395907153,0.013057783425945,0.0247545657183686,0.00301960506280133,0.0210865359502202,0.0239619078857688,0.0211985171360424,0.000168525050522104,0.00581895642348444,0.0212499472415769,0.0184309514658091,0.0194400612018069,2.80310203280383e-37,0.0113653856380429,0.00870415732319508,0.0073908451680912,0.00932858476243767,0.0109603987547626,0.0178231490764359,0.0274632619536772,0.0111386947847838,0.00182278641716545,0.0279525577102875,8.76461580651604e-34,0.0142719016069886,0.0127477797248562,0.0210065017922227,0.0221652212426277,0.0112916341755675,0.00488841005564551,5.2812660104032e-05,0.0186794599413567,0.0231542530330021,1.50966813349558e-06,0.0135940231263334,0.0189418782692309,0.023115637760805,0.0105404693301925,4.65287951324918e-18,0.00949008063436145,0.0113590974008743,0.0155990040766658,0.0132370921002748,4.7403761865689e-05,0.0126295064316627,0.0151495012956874,0.014369332369907,0.027979663828643,0.0149491445036158,0.0127242806166061,0.0141143115517873,0.0109415585529722,0.0202305533333727,2.92880508206056e-30,0.0235010089471748,1.39243888446592e-37,0.00154919837889292,2.42538805083379e-23,0.0183763306038673,0.0128909688504458,0.0200265286361843,0.0318091566678368,0.0111898824660279,0.0169498043532039,0.0101402599693918,5.03281983797952e-07,0.0209292602174207,1.03847691579541e-06,0.0140410944872574,1.89756825210803e-24,0.0128722473326578,0.0180157693737015,0.00446302617423953
0.049758145409242,0.0108316516090685,0.00649030396981675,0.00974033086653803,0.048259376712409,0.00878951599675189,0.00490955765391668,0.00479952260872853,0.00787167396006224,0.0432528892305734,0.0142112964326905,0.0103961353743463,0.0175909288840939,0.00976958034770988,0.0442774784950069,0.00694196380593095,0.0213712204074577,0.00483818578432255,0.0295568814281843,0.00928178072611329,0.0402152637586997,0.0304482184651054,2.43503228857312e-28,7.2318289569891e-46,0.0258251430865636,0.0698283333301235,0.00228484057257877,0.0058252983710836,0.0059278544372363,0.000814082019041207,0.00232545319261708,0.0277745261114158,7.56865374414555e-23,9.81229899103739e-08,0.00670241732343608,4.42767631954225e-21,0.0260973135676952,0.0410534765160445,0.000568811722124148,0.0457303949999217,0.0253009639762962,0.00255215570969379,0.0135235114705256,0.00475799991460645,0.0175292092009147,2.81431707638311e-55,0.0377481378458124,2.76252226391303e-23,0.0223970179013444,0.0411860752945328,0.0278526253510395,0.0172543349031568,0.0182652195494452,0.0377645268811968,0.0478871819156581,0.0186661159732061,0.0173736675540638,1.394191018361e-58,0.0171901568814931,1.55540781468505e-26,0.0175953644792559,0.0027024072290443,0.0140782215214008,4.35739498261874e-25,0.00438471210623867,0.0068498533276975,0.0437824465927723,1.13351906225708e-09,0.0123205410765563,0.01492274032626,0.0300575327210337,0.0205475606492292,3.37065209178984e-64,0.0322946592493566,0.017727223902552,0.0537309364379192,0.0283833846783322,0.00540109866015813,0.0187259914557631,1.09122255612552e-07,0.0189095807913014,1.45237170563459e-58,0.029198781948832,0.00844782631775748,0.00303837717145107,0.00797637946851227,0.0500891644521663,2.26428276473323e-32,0.000649593462336833,1.0302768513355e-22,0.0279165481351009,0.0372610423669212,0.0176164664414739,0.0068251355239971,2.48563672089539e-08,0.00324372688496683,0.0244295538721485,0.0508272996672146,0.0514603465656806,1.60109903133919e-31,0.0203257003356278,1.32467854276155e-11,1.95388075389371e-37,0.00396687491175529,0.0146746516481611,0.033120161769702,1.5180571446512e-28,0.0167332726028975,0.00548545166138499,1.12850773335452e-05,0.0399344234812787,0.00460524435329411,0.0288530303277998,0.0622339596419374,0.0147869143279462,0.0012165922751158,0.00697225138359803
0.0387468829940439,0.0575793526298153,0.00958004530959224,0.00847124117191526,0.0382705557358724,0.056606903313201,0.0126630105742415,0.014153670773044,0.0565621030921864,0.03445137103672,0.0119409846698743,4.69341610575371e-39,0.018165116324755,2.40856367111665e-05,0.0282408475719455,0.0549609024232089,0.0358414930791624,0.00209137303144446,0.0430464646406616,0.0574093511905873,0.0109582561890223,0.00592249814395503,0.0131300131940106,9.57863160956527e-34,0.0162001228764098,0.036424165382064,2.92739937113195e-26,0.0562576421898113,0.017085541529685,0.0369552554349399,1.53080028736192e-28,0.00990839538081425,0.00936595876207932,0.0128726179614758,0.0560175522369524,1.10805175377387e-19,0.00642055523190789,0.0167524505104052,0.0159374413494279,0.0641457344001885,0.0073740119080799,0.00278266642339434,0.0179190589736108,0.0552965600290408,9.88106264793352e-45,6.65260998086587e-32,0.0173064632734815,0.00762088675703684,2.6039561982807e-27,0.0592300426912371,0.0502609538770371,0.00897581410175534,0.00967203711743373,0.00909336908129162,0.0930818944374442,6.11482597557339e-05,0.0132621672009957,5.03055442947246e-20,0.00996765679827372,0.024585429073918,0.0233473838707146,0.0508789367252209,2.24860125765894e-22,2.90700710956286e-19,0.0535434786005647,0.0199454545107543,0.0807667121937289,0.0130533918374712,8.67448436747328e-77,0.0366907703036524,1.76404769183912e-32,0.0087258585722525,0.00241476491608138,0.0113561576218122,0.0102796655535002,0.035764024069932,0.00334645246283668,0.0108296239607417,0.0115947839135472,0.0518442793134977,1.65523114476365e-15,1.85755790664905e-31,8.97777206254695e-13,0.0341387262395553,0.0548176591613006,0.00224898038096718,0.086853568832855,6.60588698438864e-05,0.00426131025096572,1.89866361237443e-14,0.00596606481294482,0.101332212558992,5.82220444270653e-09,0.0220463675116615,0.01494173959483,0.0509613373262448,0.00987439709350375,0.0219256352552491,0.0055084087022217,0.0146146467325939,3.6999278292285e-14,0.0630246486535443,0.0117356896121764,2.61546286682037e-36,3.55855260846054e-23,0.100695782677219,0.0268593605457531,0.0149680009751394,0.0523779277765557,0.0221784664330355,0.0168065693378089,0.0168135841002709,0.0670484542868621,4.82555186368391e-16,3.08596451939444e-61,0.00227467326685031,0.000685126958221829
0.028854052255951,0.101146264072196,0.00720239991450599,0.00812552018208885,0.0276971284586853,0.103031785644736,0.00908999131353699,0.00966937497764493,0.103586820209329,0.0264523440296158,0.0100028549287073,1.71896953681624e-17,0.0133941728926925,0.00204728936467484,0.0235774390092232,0.103207756349262,0.0262808965252074,0.00161815987946756,0.0285842700974539,0.104218107812037,0.00992501522527646,0.0174377434889591,0.00944428498417055,0.00244363034666595,0.00732540794160733,0.0287722614925407,2.69692993246627e-05,0.103433873381033,0.0112612240188813,0.021780772587386,0.00552931628296745,0.00949549968678328,0.0114685387742046,0.0156509744039157,0.104066707944721,6.69994649710263e-06,0.00777104293211381,0.0207471522469617,0.00740278734142346,0.035654708639857,0.00687674056278713,0.00774411703491847,0.0145738925687743,0.105562472779074,0.00478625064704957,0.0147107500577458,0.0264550452262743,0.00115793061292023,1.44040579123432e-14,0.0316869061399122,0.0563669105383538,2.93687657034797e-05,4.87412829899118e-18,0.025416804048656,0.0704108977550814,1.24468970614769e-16,0.00983767168018725,0.0134689254378208,0.012092892443007,0.0187411372166273,0.00773298670486387,0.103648537364568,0.000289876662988526,0.0143246819076828,0.102949977723372,0.0061254394628512,0.0334770831672556,2.73282703830014e-10,2.26830974651222e-05,0.0519288164059857,0.00562696014705673,0.0110787766324228,0.00795733319383639,0.00365369932549859,0.0221555427884647,0.0291460574303062,0.0231794010206447,9.31267082369775e-23,0.0134024935909729,0.0364258739032063,0.00823901718635448,0.000720072347322271,3.90486675461071e-05,0.0516001173477871,0.10612552261428,0.00310494627315697,0.0333703314862031,5.79069711757118e-06,0.0177974393085022,0.0105715348738841,0.023781857467371,0.0699742239420076,0.00157912985374755,7.83287959435067e-17,3.05962923280603e-15,0.102013974954273,0.0122620020090114,0.00139869745478726,0.027108388225568,0.0403738824434665,0.00537169558207594,0.0528545427284454,1.47531749036592e-26,9.85850713967469e-11,0.00862404879551586,0.0628382265894548,0.0445429810930027,1.61125912930855e-17,0.102265522507314,0.0292379991495538,0.0173931629686587,0.0182829959777388,0.0166771094834269,9.689476136487e-22,0.0197213132281342,1.73955142238235e-08,1.01404251617668e-12
0.0233108023783046,0.0153277816941848,0.00881755663179594,0.0197279180855375,0.0192694318017414,0.0156614037596901,1.19682618157295e-19,2.91349690404032e-09,0.0144834251922262,0.0197910306120951,0.0236714559762467,0.016929066233275,0.0224856500832609,0.0177472478689364,0.0183439264328479,0.0141708944321565,0.0122965369705159,2.60896433398709e-20,0.0192734612643684,0.0132078139553352,0.0213649030569891,0.00806654605792213,1.54416476961849e-14,0.0242163549294163,0.012064849790459,8.54769465530374e-08,0.022995438063285,0.0156730471250211,9.11845706759577e-26,0.0368344402010836,0.0136841481619844,0.0120939331239763,0.00245941738736203,0.00705746320032373,0.0136203801235412,0.0164082771830875,0.00721901209612401,0.00424611998195335,1.47982371557101e-12,0.0224169020727512,0.00977244481845571,0.0360544131267813,0.00196317614933653,0.0174808779356883,9.41444774846188e-23,0.0149507798001614,1.22428325471787e-38,3.23540127656186e-16,0.0183741282037277,0.0299233602105363,0.0136070259096652,0.0312736213445001,0.00567201933570284,6.52981832582002e-78,0.00890193793629177,0.0193029588267313,0.00193714663530414,0.0214746037768535,0.0086192058436426,1.15123977724142e-37,0.0348294298885537,0.0166437765985844,0.0186549521095586,6.33711963758315e-26,0.0135612799256615,4.21868005196922e-09,0.0322502508831604,0.0531342999515985,0.0187862841369643,1.48919789728396e-10,3.19594443736339e-23,0.00733739181721811,0.0308012310888202,2.11531065882702e-09,0.0229824881076054,0.0348077894732539,1.4622901220301e-35,2.07513838446848e-16,2.49904891232687e-06,1.19457523085826e-34,0.0215183539509433,0.0189636097546488,0.0103722373008711,0.0114566753777694,0.0135401181052994,0.0252349978860491,0.0146481158973383,0.0341405056861405,0.0115037111308224,0.026308965172771,3.80152112658369e-50,0.0228553959384701,0.0287538398725961,3.73825629049443e-10,0.00661203750570258,0.010855077355319,0.0121218269637483,7.92120089653381e-16,0.0398946601868142,0.0734675262573718,7.20358037111858e-43,1.80735264320156e-10,3.53843165805516e-102,0.0159463853903759,0.0270648414017088,0.0201603142521343,0.0142761324991751,0.025672342722586,0.0113151606030471,0.0217188145980854,9.81352205411222e-33,0.0386657253620578,1.10689881010308e-23,1.50482377809616e-27,9.45403343881482e-69,0.0125558093238289,2.68549301097271e-32
0.00700494554136013,0.00034769800911582,0.00396401197701711,0.00463936207625841,0.00669136837678291,5.12279080310624e-17,0.0035269117303215,0.00370992622346957,1.88642576867941e-22,0.00689442341247744,0.00608971904873286,2.59244710329251e-39,0.0067720888886278,6.91534193721838e-19,0.00563531280005444,6.5485806236374e-44,0.00772879734314513,0.00149392689385806,0.0107533262369166,0.000167225100251015,0.00758342363909824,1.17916536653394e-06,0.00293967578588008,1.72028229940596e-39,0.00407906853177416,0.0102490257225907,1.11981816342504e-26,9.16468233607473e-95,0.00277438752374495,0.00582121381921082,2.63707565251459e-37,0.0067328954177621,0.00287511716287333,0.00348089612231485,8.27328064716387e-87,2.98345190426039e-58,0.00524736722867137,0.0029231637518833,0.00210215351490937,0.0114651083503294,0.00588886524764667,0.00339583971325027,0.00564584252924865,3.1078336847312e-237,0.00647109166048396,4.17631635519558e-25,1.15129978845933e-43,0.00225923160197243,1.15663189676932e-18,0.00773392228250319,0.0083543520165738,0.00662417179372982,0.0088553081624206,1.87451660945999e-77,0.0147584424910693,6.1270244721825e-43,0.00618563684358472,2.25983143874744e-60,0.00917183036399054,0.00093047846274031,0.0061441514983919,1.53797430934237e-269,4.12642169882776e-25,1.60129846098595e-84,8.10303888615151e-208,0.00340603018611176,0.00912287761575702,0.0138724165370593,2.36334818778902e-13,0.00951596476525546,6.81149691578408e-74,0.00673133684410194,7.56500284698338e-57,1.74038131738029e-23,0.00985361659446371,0.0114898715260573,9.88010664743939e-55,0.00361303100374294,0.00749791873263325,1.00085645974175e-17,0.000712272672349785,1.42087639541076e-58,0.00661293134637413,0.0112494154897904,4.59708483968037e-291,6.30229964815397e-26,0.00945176696626726,0.00759977862122017,0.00216535251062623,8.50886586300167e-129,1.26965783442199e-139,0.0178451457517438,1.8973014180904e-30,1.41284369452709e-08,2.34743653425768e-13,0,0.00349642774156092,0.00211729745692472,0.0133111554362076,0.0212109995425073,0.00742240248379913,0.0139254531295672,0.000191377642433802,3.58316301192707e-44,0.00255215596923341,0.0144842888886338,0.00384957304387586,0.0101272815569719,2.32611046718517e-319,0.0155639872118541,0.00691138037126131,0.0086293609359203,1.03440702805388e-19,1.7869536826692e-16,9.36531071624026e-150,5.79891433301335e-46,0.00319690943115533
0.025954727333336,0.00276285877469418,0.00983317484169815,0.00833854571819324,0.0271181873422384,0.000286039946728033,0.0110165601215141,0.0117886489559677,3.25604188020685e-07,0.0248753224234398,0.00997175492645512,0.00610941076037618,0.0143690386364506,0.00607122557861742,0.021594236076255,3.56388872221481e-25,0.0230453614011677,0.00547145912665228,0.0302785007477288,4.33421003697985e-06,1.7013962046565e-09,0.0161054148067447,0.0157886938169603,0.00333927448514821,0.00361192956790443,0.00639955611043769,0.00713037470009319,1.80139640314034e-25,0.00841910479976453,0.0320889270164444,0.0222494012087504,0.00388121404843533,0.0209888917369573,0.0230247434105679,1.07460234782532e-58,0.000627896429208143,0.0121077289117874,0.0163586189370657,0.00751868380065486,0.0196538100586909,0.00300887821531981,0.0214982625061517,0.0195270861367319,7.03852839580226e-161,0.00591108850244472,2.28356352253771e-08,0.00630881850064312,0.0129654940398101,0.00510172257379765,0.0111372104389546,0.0144357548771672,0.0320094733916215,0.00646787487159775,1.31561761938116e-07,0.0178429441625614,0.00956015424387064,0.0214440762260581,0.000277473900948992,0.00598757527863974,0.0218371209319711,0.0352575103321541,8.15822006511624e-75,1.57191485669647e-12,0.0292617763705396,3.77594746964832e-71,0.0101329894964843,0.0187813202578614,3.2046870624078e-11,2.42517600035366e-15,0.0266950956748714,0.0139112773006782,0.00444146994171533,0.00249037548427155,0.0132618974212892,0.0190061505135172,0.00952918835615445,0.0156274398668185,0.00789493069186216,0.00939712378927722,0.0426397070905451,4.92406022710495e-10,0.00931069717347505,0.008448856038879,0.00703987707803862,5.94206991731012e-49,0.00667014302387987,0.0321736586832284,0.0192282429699782,1.23454007989456e-05,0.0092025906294825,0.00800623042668866,0.0162756176698415,0.0053887022764561,0.00790619136375684,0.0361141568471348,2.78823306009075e-104,0.00395578656531424,0.0221535171508026,1.57280365774945e-31,8.01172784190583e-32,0.0114244917822838,0.0581535140605981,0.0354363793257492,0.0249380392131189,7.66115818131249e-07,0.0352439638411215,0.0215471032473893,9.14472682824971e-06,2.67907351916006e-119,1.86970146706409e-05,0.00192916596468656,0.00698968596154565,0.00286728810473031,0.0162291441059381,0.031795209112593,0.00190253628819534,0.0133128601549517
0.0252328473112177,0.0117398931181875,0.00457191778075676,0.009221747899861,0.0230567975790572,0.0115748319647909,0.00139467573341027,0.00243620573033066,0.0111475409750384,0.0210356562582212,0.0134452746678642,2.07120345723646e-06,0.013789282548966,0.00201242747012988,0.0210753587467351,0.0109927703908304,0.0109684636385315,0.00313634792558294,0.0207446723977567,0.0123691231202892,0.0277070284573026,0.00926104908760449,8.58512840208129e-20,5.76999870142918e-51,0.009907353439883,0.0198582557962905,1.28278256398418e-10,0.0116187818551132,0.00766136132998355,0.0215739234617831,0.00204911496750164,0.0108000416462336,2.76348271258542e-62,1.01855781049327e-37,0.0108014671823859,4.70746170586865e-05,0.00323079812396973,0.0122020407997248,0.0079167002225004,0.0339135266995779,0.0107389799064965,0.00970163192376183,1.39339152115827e-10,0.0106129796035992,4.37923514661166e-12,1.53942847895243e-31,0.0122528499730484,0.002001636960461,0.0059060738627147,0.0392606452113018,0.0256323095199741,0.0108382825834367,0.012227840249445,0.0107178243973092,0.0351243563885849,0.018867223112501,1.03403465400953e-17,1.35338050922784e-51,0.0039497031319858,1.76549355370268e-08,0.0177815284869949,0.00938399409433479,6.50961936140527e-10,2.39491488215518e-24,0.00965312817296307,0.0104083870247023,0.0529334782140709,2.2628218759568e-08,3.84324383103012e-29,0.00791096569664201,0.002957630787527,0.0152233971800901,2.41472777848036e-14,0.00604208719401095,0.00848639550396046,0.0101854472477058,0.000751558597413167,0.0103650817377499,0.00549892405623913,0.000590832123389253,8.95833760441623e-23,7.83575423618144e-19,0.00930178975936857,0.0069139223440691,0.00929486384444642,0.0203219131955857,0.0547436876083307,1.13056967191008e-09,9.37996060630599e-35,4.2691850311576e-12,0.00356170330727837,0.0491052894366108,0.000608273148707441,0.0150011893827908,0.0171272855153752,0.0089950179461801,0.0112478923673732,0.0114779720309486,0.0156767860418179,3.76455643396718e-11,0.00475007923480658,9.58135446687432e-09,1.85932193804689e-06,0.0111351903055729,7.79826749129363e-09,0.0534577936384982,1.37540813957203e-58,0.0103813516226899,0.0105343492045695,0.001994389374275,0.017543285883174,0.00361059380090932,0.0111972611318018,0.0153623651298471,0.000949448929158722,1.47963340247598e-19,0.0103450203493688
0.0492387746229319,0.0409695939916201,0.00511995901237139,0.00955328186661208,0.0474619002230515,0.0402148226868427,0.00263874681460758,0.00458174515646386,0.039952577019275,0.0404805809053255,0.0165244333266021,3.82292783425681e-29,0.0216034645129096,6.72418585356187e-12,0.0392017134012645,0.039053525253026,0.0242048770227038,2.81913884928009e-22,0.0386693840653006,0.040847927839857,0.0252390482344408,0.0339917558125176,0.0079983051675884,5.99084022344566e-31,5.83596842549254e-12,0.0367976647532927,1.23459710814573e-24,0.0391860732245464,7.67574981722792e-18,0.0255004338651913,0.0225047441263792,0.018948818208591,0.0120913111375986,0.0162497466592899,0.0387826488139857,7.9548880901483e-29,0.0078535322351705,0.0356072496392699,1.41082487033421e-10,0.0349301546547983,0.0155059193732061,0.0235442345525341,0.0198541511481887,0.042997853576331,0.00974547806450596,6.13572570766095e-27,0.0280328852648294,6.71282423825216e-19,2.48163437186734e-48,0.038036491394806,0.011705167569035,0.0341922199974373,2.26269499919355e-21,0.0225023855665585,0.0212960898334792,0.0313402771453454,0.0361760854281682,4.03485251237918e-31,0.0123408291106426,3.95430935173577e-22,0.0298562121429586,0.0389824099093127,5.81505910663137e-26,0.0354136881488651,0.0409576734723211,6.85416296524203e-08,0.0447308415774461,0.0556044148100706,1.50028627032039e-45,1.44422161869324e-05,0.0240481920946768,1.71537914204465e-32,8.48765668821065e-44,0.0308956193040248,0.00840093476599126,0.0362273324743003,0.0208616772278718,1.53351099695436e-14,0.00444474473827334,0.00994059737502012,2.62729478679237e-36,2.55352124797409e-26,0.0483604483453371,0.00145062346507588,0.0384821680036581,0.0297061395896752,0.0364624411828331,0.00849170546538896,3.47213929804058e-35,1.39526164325605e-06,0.00468548382614214,0.0170238468587591,1.73730641977107e-24,0.0129873095162796,0.0256116975614616,0.0397701859787231,0.0251009900759113,0.0549238205718747,0.0652773930678077,1.50046147334321e-60,3.95411835803455e-09,1.21507433206851e-08,0.0175531489207203,0.0298973894104753,1.14436733854815e-29,0.0148824807517615,3.4693668416426e-36,0.0283521197879324,0.0421834045519596,0.0264737755303995,0.0167248701012524,0.00332986640403823,0.0227378657024002,0.0573936493025056,0.0137644570926694,9.41833141221594e-19,3.38105263211474e-35
0.00905619345368734,0.0281283402272581,0.0042717714002767,0.00254025394598394,0.00950466151494751,0.0280845553691109,0.00647110408364791,0.00688019986918103,0.0283067284398274,0.0087848961215284,0.00275003535888343,0.000479512368904598,0.00426559600619698,5.74375173552922e-05,0.00679282948757726,0.0281849641677802,0.0109851469771615,0.00512046766249678,0.0107976191889149,0.0289414444900278,0.00500157135568456,4.98843567921335e-05,0.00554448136079624,6.19971692106162e-73,0.00761882469927212,0.0128025799123655,3.28586579700025e-22,0.0279663316469222,0.00637998024206951,0.0061237220110653,7.81721932471522e-45,0.00600608678700644,0.00472672285320541,0.00555596801789577,0.0282196439434096,6.58546903343225e-10,2.96004118450996e-19,0.00533245774960651,0.00582328844270104,0.0189987484693931,0.00688545745433192,8.47598676560375e-82,0.00593416152408568,0.0261913245138367,0.00832280496840114,3.04352355070783e-49,1.68674339109271e-13,0.00493191860278503,0.00540233963105863,0.00805854537000344,0.0328680217553162,7.03605981709439e-32,5.62940847457989e-30,0.00388138107496964,0.0297514383416169,0.00200011123069497,0.00151780676883979,2.03980090608844e-68,0.00656289120951177,0.00743987087943493,8.86277174186261e-14,0.0272104266754075,0.0117164448240859,2.63976077864119e-15,0.0274411197886989,0.00099550524905658,0.022644618490256,3.41564510286977e-20,0.00842123561033675,0.0244487630614446,2.86768153718207e-36,0.0134505324992152,1.40282627731595e-72,7.7266191794412e-06,1.00054620085513e-46,5.8500194490385e-51,1.16664539475527e-27,0.00370025664079871,0.010938629833469,0.0138394032756419,1.12142770173018e-10,3.15383896160489e-38,2.2513121979375e-08,0.0199139842063079,0.0277999540001343,3.50327424421261e-16,0.0304502721286402,1.72996719852111e-68,0.00571391796923874,1.01381739039144e-16,7.44860072168986e-06,0.0376225923604435,0.00563609377183834,0.00191139330138074,1.30579847598026e-31,0.0267153301134204,0.00997426798771922,2.45368626908772e-20,0.00382655480803352,9.70653298005575e-68,0.00434222428445723,0.0267390550533661,0.00577836788423545,3.7120635993738e-15,0.00718516982033636,0.0367316212700981,0.00990171608519856,1.37187898557939e-62,0.0270575806131663,0.0132570986087547,0.0122398439255388,1.22503846792648e-47,4.20723355550047e-06,3.69565231756194e-09,1.52201112240326e-54,5.11619800256538e-35,0.00554613220021481
0.0300059226295067,0.0193301875403503,0.00690966668457521,0.0110442216629043,0.0284053796675888,0.0183014470267969,0.00432457447977281,0.00032984535818701,0.0164507510601108,0.0271243822746867,0.00624986612335238,0.051697392203835,0.00918745013818373,0.0392353302937699,0.0210535916812153,0.0150053006548765,0.0201760182887803,9.23176207706544e-29,0.0185904368276523,0.0143462632242184,0.00607397254825344,1.5124530441154e-42,7.77425184613738e-64,0.021729289996134,0.0375937030847687,0.0251647032522121,0.03897961178178,0.0152299703140285,3.84764881753943e-49,0.0249432985958567,5.41799236992054e-101,0.00318717401900772,6.99835666092806e-20,1.55237192546238e-18,0.0135984868519478,0.046770298562831,0.00186078763072011,0.0071461574019792,3.42482879892897e-80,0.0498361212361019,0.00402143663689506,1.65538843342968e-17,0.0105782523077973,0.010114707314506,2.99805874858796e-23,0.0107599909578424,4.13002068928935e-28,6.72372664133146e-81,0.041917580304492,0.0280512961566023,0.0518737538426694,0.0081261958279333,0.000540265676313218,4.21808172372822e-30,0.0544259332707731,2.65755027376911e-30,5.04407986583046e-05,0.0282120824385095,0.00339534119151347,4.98442778774625e-89,0.0159546411618824,0.0116683659097684,0.0501952432186347,2.83479696521294e-70,0.0120867354852926,3.2168709652894e-47,0.068334386505776,0.016589470286668,0.035700903756101,0.0157648830668063,1.17099803348424e-51,2.37240380460591e-21,0.0328000972047306,0.00386864757367066,3.33329485112317e-17,1.06839610449402e-21,4.20256613614697e-62,6.69751633018011e-36,0.0106952395289693,1.74151909704948e-42,0.0412654964511812,0.029970283486823,0.0165360655882223,0.013379622461034,0.0118954485445089,7.87207293028359e-07,0.0699816924945745,1.69652879092037e-05,0.018160882207052,0.0227108593475665,8.49304853024057e-08,0.0673450529862468,0.0591196060457607,3.76788278291299e-49,0.00310630116863012,0.00939534392263297,0.0123807814689173,2.44350657015166e-05,0.0204759732876171,0.00462557545205992,7.75981748983947e-07,2.15388095826646e-08,1.34323891189273e-14,0.00406736877817808,0.055719891757123,0.0573287273838194,0.00593460169764356,4.3212504248778e-06,0.00997278063689284,1.95312191494107e-05,0.0115455945115933,1.54451431173677e-41,2.5864027953011e-27,0.0199449297629145,1.4712322934679e-92,0.0480456150109838,2.17401825427099e-45
0.0112758451394334,0.00612648926089497,0.00975157429774145,0.000863258364578807,0.0154985553272764,0.003165092180697,0.0168200794280281,0.0178423001046186,0.00335327111569758,0.0130257627479279,0.000997732120137335,5.18249684177476e-84,0.00513819070494539,4.85809454627117e-31,0.00869695639948256,0.00218967387652235,0.0211809079335249,0.0124821561001666,0.0150533935949657,0.0040800923118281,9.6753614146437e-67,0.0118821794961217,0.0162609378956779,2.44612215463122e-103,0.00569791551641872,0.0182447836103698,5.09927087751803e-67,0.000293031784258205,0.00923324304252742,0.0021757218504772,0.00726666277621546,0.0070882534210367,0.0257412763407798,0.0286423100995697,0.00139746079671973,2.76101777405192e-40,2.36102755783418e-29,0.0147806125383708,0.00955729715692122,0.0125673885591241,0.00509855824177647,2.75013740228557e-48,0.0237409576919895,9.89131988553462e-06,0.0115961697087063,1.07461757846088e-06,0.00693224302544752,0.0131690162869869,2.01434320225813e-93,0.00474336435708274,0.0104146460899043,0.00414822277837001,5.00160834435745e-96,0.00782937734461576,0.0245945881311202,3.32956787707254e-27,0.0247977648267594,9.19353074586965e-74,0.013368940794024,0.0232928551169247,8.3248286606574e-06,1.71297611566813e-37,3.06249691287459e-10,0.0247493694017308,0.00263316076979162,0.00511456975256035,0.00780638440955844,0.0334239887641804,1.06351530870426e-28,0.0362200869355412,0.0033491312216632,7.67882823135432e-19,7.36505436993778e-55,0.0030970100632428,4.07839605683919e-07,2.91254887279281e-42,0.0131447668800443,6.41954396128521e-14,0.016009364431287,0.0378223997359075,1.05278354745903e-28,7.95768965076321e-78,0.0123159589350317,0.0293780938653228,0.000263997051865886,2.62251537012566e-06,8.8608347483845e-10,0.00719614739727937,0.00252933337939508,1.68741581596152e-68,1.78233629160115e-54,0.028121447276501,2.43930986270006e-16,0.00478206766135592,0.00605719652414394,0.00121942125934412,0.0125727258405755,0.00346065031355917,0.0143269545123813,0.00511501466722836,0.000359023146015065,0.0870001041591786,0.0168744827812635,3.35807009508134e-31,1.08007892502068e-08,0.00652316604890353,0.0285055773092273,0.0147378118609974,1.01477375119691e-22,0.0304773530075574,0.0150269341945155,2.77144121350187e-30,0.024724256745557,0.0105690523310921,2.40431374124803e-24,9.99188682920001e-89,6.85965866566804e-14
0.0191784037436529,0.00253135800906569,0.00310937379400643,0.00605286571775137,0.0180087340681137,0.00168510882982015,0.00100574967562389,0.000713180557326979,0.00121819316085194,0.0164799389797415,0.00800061698959908,0.00704430951438363,0.00925814653314188,0.00574561862622552,0.0144146467402848,0.00047417346571062,0.0104936982301257,3.70563403087033e-50,0.0153579345046624,0.00114431170590806,0.0119503153015517,0.00907515387442238,2.69430544240676e-09,0.00531454762879532,0.00577216762607595,0.00687414439845065,0.006950658940115,0.0009956734226843,2.63194741817564e-75,0.01890047473016,0.00823092303398721,0.00425447118706123,0.0058797124732525,0.00704192228211275,0.000192470517718887,0.00537500396247729,0.00245810914313957,0.00858742328915218,1.35696924928356e-90,0.017448575638352,0.00439894740376355,0.0121803319979788,0.00722106606496007,0.00107641782069048,0.000719237232726397,3.62143710757701e-06,0.00162126733741066,2.89103660061745e-64,0.00399507807084392,0.0170454259634638,0.00676887863012013,0.0197712224564222,4.68453499411975e-58,9.18318506169251e-16,0.00740138581329939,0.0129143188159888,0.0112884613851495,0.00208871931894957,0.00342639931364561,2.06715835162108e-33,0.0184992381330743,0.000219771827822342,0.00706265338329038,0.00850718281962981,2.51111804539057e-18,2.09246229050256e-37,0.0203786791515015,0.0115484341675001,0.00394473842099926,0.00299330843956572,3.04016428099254e-08,4.57796381145787e-10,0.00282302235948728,0.0118968626920097,0.0134412147900429,0.00335103163583172,0.000572766268307459,2.88853688113462e-37,0.000121059637700719,0.00978439523161245,0.00212737970819022,0.010563429731474,0.0134245522339823,7.64831629329485e-14,6.07721944931954e-22,0.0119170523081452,0.0256688762211358,0.011671442516062,0.00441355261111901,0.0108256997955573,0.00444389827325078,0.018426217822415,0.00477753263225135,5.0032333540498e-08,0.0110358993396225,9.58957704467044e-07,0.0105781381613217,0.0116119150179091,0.0178733631860202,0.00819140397871723,4.96561406943472e-28,0.00187724502223444,2.25972100272963e-11,0.00737091699219479,8.54387917018866e-06,0.0231697378939561,0.00946616910990589,0.025076335914398,1.07583730188972e-14,0.000164576236752711,0.00669798421186912,0.003274451339351,0.0137634589742503,0.00878746139086433,3.79921643052766e-22,0.0101807446757365,7.81222617275593e-65
0.00477296184177316,0.0119996410026518,0.0046575971045608,0.00887558830969596,0.00283615721853804,0.0127966375347112,0.00150028187377963,0.00205855411596508,0.0125884384519377,0.00379218141404421,0.0117223435246275,2.60960979799273e-106,0.0101892080043051,6.28891557459887e-67,0.00456365707937842,0.0131514184526891,0.00273595408300465,0.0040438687114103,0.00974236551195392,0.0139338397494555,0.0172927054538149,0.00109259753388484,0.00160266706189836,4.05717391240848e-10,5.92947238961493e-10,1.16960063774559e-33,1.23718263285493e-55,0.0136460784111896,0.00675587289622713,0.0132125758366758,0.00267675437436438,0.00735863286116678,1.72128278123762e-66,3.21365891559525e-35,0.0133123100286278,2.33269874801018e-54,1.47765506752841e-39,0.00015282191314945,0.00975285156322173,0.0114374040496477,0.00689310321192147,0.00943735057444447,2.84921053678998e-119,0.0128221500342372,2.04988872004988e-08,0.00182141486567298,1.96069750094409e-61,0.00740292437628628,1.02380392195176e-129,0.0140700283232989,0.0134998540806597,0.00640649663635756,0.00849217988769135,4.75018244689537e-36,0.0124392148140286,0.0105352736295887,8.21235467349109e-89,0.000452570755689025,0.0037213606332333,0.00224701162056188,0.00676886897897615,0.0124986031302943,5.13319191909703e-91,0.000290357445964656,0.0123787673337929,0.00865709250036244,0.0144733898751333,1.92319461516214e-12,2.12573180539584e-112,0.00176130250125965,8.03444298035341e-72,0.0109526020852758,0.00340759954981872,8.81692989919239e-60,0.00919141112800743,0.0136823343216459,2.09592309598889e-30,0.00596500676922552,3.85834497970979e-38,1.8697065992953e-58,9.90972887571693e-91,8.61250165753452e-07,2.43567839676468e-78,0.0173755587240021,0.0115226656319914,0.0151268192689419,0.00515836873448965,0.0058571055977184,3.24470682388978e-83,2.65207595223991e-13,1.63073235359114e-69,0.0222245894975679,3.61439598125148e-55,0.012940818737678,0.00272754973351682,0.011533664032714,0.00598087843658397,1.0491053882087e-47,0.00490408336173404,0.0204726644448887,6.33866136654487e-46,1.14010219035543e-15,0.00461380052026327,0.00924655779752315,4.44249756448773e-55,0.0152598486024282,2.52306634560644e-111,2.17708234140831e-12,0.0121233063479368,0.0123718961738204,1.56991233034452e-11,0.0138028801150764,0.0052473490047454,1.37842534541636e-58,1.26667555346734e-72,6.16678801632973e-45,0.004681001529892
